{"css":"","framework":"duck-10.1.0","title":"Hjælp til Fotos","build_id":"5791b330094622a65e5e7327","quick_links":[],"icon":"..\/SharedGlobalArt\/AppIconDefault_Photos.png","sections":{"pht5302d0f6":{"name":"Arbejd med Fotos","children":["pht5156cc968","pht6d60881e","pht8a576439"]},"pht3e99bb42d":{"name":"Bevægelser og tastaturgenveje","children":["pht2951dfb9","pht6e593112","pht5188d4d20"]},"pht6d6040d1":{"name":"Se og organiser fotografier","children":["pht56eafa987","pht40b0be510","phtb66b3c010","phta4e5a733f","apd679d1dae29e04","pht6d606e4c","pht6d975c7d","pht3bfab2f96"]},"apd679d1dae29e04":{"name":"Find fotografier","children":["pht64de33e5a","pht8d0ad5198","phtad9d981ab","pht4c00b8ddc"]},"pht6c803a97":{"name":"Importer fotografier og videoer","children":["phta58cd90d3","apd170d821c07204","pht6c803201","phtae4e05c67","pht6c804da9","pht12e7a8015"]},"pht8a3f9b05d":{"name":"Nyd minder","children":["pht4a5343882","pht96259d626","pht6ce918c46"]},"pht6d60881e":{"name":"Administrer dit fotobibliotek","children":["pht211de786","pht6d60b524","pht6d60d10f","pht6d60348f","pht6be18f93","pht1ed9b966d"]},"pht50acf4c2":{"name":"iCloud-fotodeling","children":["pht7a4c765b","pht013f36be9","phtf7fe6394","pht5f6df5f0","phtdfcac5c5","pht884a8908"]},"pht7c4f353b":{"name":"Opret kort","children":["pht6e157ba6","pht337d15be","pht6e15aa61","phtab5e66ba","phtab5e72eb"]},"phtaec3da2a9":{"name":"Opret og bestil trykte produkter","children":["phtae8c6530","pht6e15dbdb"]},"phtae8c6530":{"name":"Bestil aftryk af fotografier og prjekter","children":["pht211dd6d0","pht6e15ea68","pht6e15caf3","pht6e15b35b"]},"pht6d606e4c":{"name":"Organiser fotografier i album","children":["phtf677b8f5","pht6d60a1f1","pht6d60ca71","pht211de0d6"]},"apd170d821c07204":{"name":"Fra iCloud","children":["phtf5e48489c","phtc0bf4b9bb"]},"pht6dc708cc":{"name":"Gør dine fotografier bedre","children":["pht304c2ace6","phta48b41fd8","phtba22db5d6","pht13f0918f0","phte0af949f0","phtc497e8549","pht5c38b77c5","phte0ee9e101","phteb52f43ce","pht427071907"]},"pht6e41d50b":{"name":"Del dine fotografier og video","children":["pht50acf4c2","phtc4361d5a","pht6e4207c4","pht6e41eaff","pht1d4c62349","pht6d97570c","pht1324a500e","pht6e157c5f"]},"pht6e15d3aa":{"name":"Opret projekter","children":["phtae8c6d40","phtae8c6467","phtb94da2f9","pht7c4f353b"]},"phtae8c6467":{"name":"Opret bøger","children":["pht6e159147","pht337d0a03","pht337d0fd8","pht6e15c151","phtab5e6905","pht245fde94","phtab5e682b"]},"phtb94da2f9":{"name":"Opret kalendere","children":["phtb94d7e13","phtb94d7d07","phtb94d9674","phtb94d9019","phtb94da1cb","phtb94d945b"]},"phtc497e8549":{"name":"Juster fotografiers udseende","children":["phtc9d389ecc","phtfd442cdbb","pht335dba352"]}},"birdseed_version":5,"toc":["pht035bc2c35","pht6c803a97","pht6d6040d1","pht8a3f9b05d","pht6dc708cc","pht6e41d50b","pht6e15d3aa","phtaec3da2a9","pht5302d0f6","pht3e99bb42d"],"locale":"da","version":"1.2","source_schema":"apd-schema","enable_tracking":false,"platform":"mac","build_date":"2016.07.22-02:36:28","landing":"pht54710c4e","product":"photos","urls":{},"copyright":"","show_previous_next":false,"topics":{"phtb94d945b":{"name":"Slet en kalender"},"pht6e157ba6":{"name":"Opret et kort"},"pht40b0be510":{"name":"Vælg og fravælg fotografier"},"phta58cd90d3":{"name":"Oversigt"},"phtb66b3c010":{"name":"Rediger, hvordan fotografier skal vises"},"pht245fde94":{"name":"Opret kort i en bog"},"pht6d60b524":{"name":"Brug flere biblioteker"},"pht5706dfc6":{"name":"iCloud","categories":["aside"]},"pht6d60ca71":{"name":"Opret smarte album"},"pht8a576439":{"name":"Få opdateringer til Fotos"},"pht9bb241b3":{"name":"vælge fotografier","categories":["aside"]},"pht96259d626":{"name":"Se minder"},"pht5f6df5f0":{"name":"Rediger et fælles album"},"phtf677b8f5":{"name":"Hvad er album?"},"pht6e15aa61":{"name":"Tilføj og fjern fotografier"},"pht304c2ace6":{"name":"Redigering i grundtræk"},"pht211de0d6":{"name":"Opret mapper"},"pht427071907":{"name":"Rediger vha. udvidelser"},"pht6d60348f":{"name":"Gendan fra Time Machine"},"phtf5e48489c":{"name":"Fra iCloud-fotobibliotek"},"phtc0bf4b9bb":{"name":"Fra Min fotostream"},"phtfd442cdbb":{"name":"Foretag avancerede justeringer"},"pht6e15b35b":{"name":"Bestil en bog, et kort eller en kalender"},"phte0ee9e101":{"name":"Fjern røde øjne"},"pht6e15c151":{"name":"Arbejd med sider"},"pht98de9564":{"name":"skub ud","categories":["aside"]},"phtc3c7c148":{"name":"sideopslag","categories":["aside"]},"pht211de786":{"name":"Oversigt"},"pht101081c3":{"name":"miniaturebillede","categories":["aside"]},"pht9b4411b24":{"name":"Tastaturgenveje og bevægelser","href":"pht9b4411b24.html","searchName":"Tastaturgenveje i Fotos"},"pht10107b78":{"name":"størrelsesformat","categories":["aside"]},"phtab5e682b":{"name":"Slet en bog"},"pht6d60a1f1":{"name":"Opret album"},"pht884a8908":{"name":"Abonner på album"},"phtab5e72eb":{"name":"Slet et kort"},"pht013f36be9":{"name":"Slå iCloud-fotodeling til eller fra"},"pht211dd6d0":{"name":"Oversigt"},"phtb94d7d07":{"name":"Anbring fotografier"},"pht6e159147":{"name":"Opret en bog med fotografier"},"pht335dba352":{"name":"Tilpas vinduet Justeringer"},"pht6ce918c46":{"name":"Del minder"},"phtba22db5d6":{"name":"Roter fotografier"},"pht6e41eaff":{"name":"Facebook, Flickr og Twitter"},"phtf7fe6394":{"name":"Opret et fælles album"},"pht035bc2c35":{"name":"Oversigt over Fotos"},"pht4a5343882":{"name":"Opret minder"},"pht337d15be":{"name":"Anbring fotografier"},"pht8d0ad5198":{"name":"Find fotografier efter nøgleord"},"pht2951dfb9":{"name":"Bevægelser på pegefeltet"},"phtb711c0fd":{"name":"Apple-id","categories":["aside"]},"pht5156cc968":{"name":"Vælg indstillinger til Fotos","searchName":"Vinduet Fotografier"},"phta4e5a733f":{"name":"Se og tilføj fotooplysninge"},"pht337d0fd8":{"name":"Tilføj og fjern fotografier"},"pht54710c4e":{"name":"Hjælp til Fotos","href":"pht54710c4e.html","categories":["landing"]},"pht6e15ea68":{"name":"Bestil professionelle aftryk"},"phtb94d7e13":{"name":"Opret en kalender"},"phtae4e05c67":{"name":"Fra lagringsmedier"},"phtab5e6905":{"name":"Formater tekst i en bog"},"phteb52f43ce":{"name":"Marker et fotografi"},"pht6e157c5f":{"name":"Eksporter fotografier, videoer og lysbilledshow"},"pht1ed9b966d":{"name":"Rediger, hvor Fotos skal opbevare dine arkiver"},"pht6d97570c":{"name":"iTunes"},"pht4c00b8ddc":{"name":"Se fotografier efter lokalitet"},"pht6dc73ede":{"name":"redigering uden at ødelægge original","categories":["aside"]},"pht3bfab2f96":{"name":"Slet fotografier og videoer"},"pht56eafa987":{"name":"Se fotografier"},"pht6c804da9":{"name":"Fra andre apps og programmer"},"pht13f0918f0":{"name":"Beskær og ret fotografier ud"},"phte0af949f0":{"name":"Anvend filtre på fotografier"},"phtc9d389ecc":{"name":"Juster et fotografi"},"pht5c38b77c5":{"name":"Retoucher fotografier"},"pht6e4207c4":{"name":"Mail"},"phtae8c6d40":{"name":"Opret lysbilledshow"},"phtb94d9674":{"name":"Tilføj eller fjern fotografier"},"phtb94d9019":{"name":"Rediger oplysninger om dato"},"phtb94da1cb":{"name":"Formater kalendertekst"},"phtc4361d5a":{"name":"Beskeder"},"pht6e15caf3":{"name":"Gør et projekt klar til trykning"},"pht6d60d10f":{"name":"Sikkerhedskopier dit fotobibliotek"},"pht6be18f93":{"name":"Reparer dit bibliotek"},"pht10107cfa":{"name":"nøglefotografi","categories":["aside"]},"phtc3c7b374":{"name":"SD-kort","categories":["aside"]},"pht6e15dbdb":{"name":"Udskriv dine egne fotografier"},"pht6e593112":{"name":"Tastaturgenveje","searchName":"Tastaturgenveje i Fotos"},"pht6d975c7d":{"name":"Se video"},"pht98de9846":{"name":"Ken Burns-effekt","categories":["aside"]},"pht6c803201":{"name":"Fra et kamera eller en mobil enhed"},"pht5188d4d20":{"name":"Symboler for tastaturgenveje"},"phte3af82548":{"name":"Live Photo","categories":["aside"]},"phta48b41fd8":{"name":"Automatisk forbedring af fotografier"},"pht93cb7bc67":{"name":"hårdt klik","categories":["aside"]},"pht98de9f27":{"name":"fotografier i RAW-format","categories":["aside"]},"pht1324a500e":{"name":"Andre programmer og websteder"},"phtdbd88e7a":{"name":"fotoalbum og smarte album","categories":["aside"]},"pht337d0a03":{"name":"Anbring fotografier"},"pht64de33e5a":{"name":"Find fotografier efter tekst eller dato"},"phtad9d981ab":{"name":"Find fotografier af personer"},"phtdfcac5c5":{"name":"Administrer abonnenter"},"phtc94a1416":{"name":"Flere ressourcer"},"pht7a4c765b":{"name":"Oversigt"},"pht12e7a8015":{"name":"Hvor er mine importerede arkiver?"},"phtda5be08b":{"name":"nøgleord","categories":["aside"]},"pht1d4c62349":{"name":"AirDrop"},"phtab5e66ba":{"name":"Formater tekst på et kort"},"phtc3c7c06e":{"name":"billedarkivformater","categories":["aside"]}},"copyright_text":"Copyright © 2016 Apple Inc. Alle rettigheder forbeholdes."}