{"css":"","framework":"duck-10.1.0","title":"Kuvat-ohje","build_id":"5791b32c094622a65e5e730b","quick_links":[],"icon":"..\/SharedGlobalArt\/AppIconDefault_Photos.png","sections":{"pht5302d0f6":{"name":"Kuvat-ohjelmalla työskenteleminen","children":["pht5156cc968","pht6d60881e","pht8a576439"]},"pht3e99bb42d":{"name":"Eleet ja näppäinoikotiet","children":["pht2951dfb9","pht6e593112","pht5188d4d20"]},"pht6d6040d1":{"name":"Kuvien näyttäminen ja järjestäminen","children":["pht56eafa987","pht40b0be510","phtb66b3c010","phta4e5a733f","apd679d1dae29e04","pht6d606e4c","pht6d975c7d","pht3bfab2f96"]},"apd679d1dae29e04":{"name":"Etsi kuvia","children":["pht64de33e5a","pht8d0ad5198","phtad9d981ab","pht4c00b8ddc"]},"pht6c803a97":{"name":"Kuvien ja videoiden tuominen","children":["phta58cd90d3","apd170d821c07204","pht6c803201","phtae4e05c67","pht6c804da9","pht12e7a8015"]},"pht8a3f9b05d":{"name":"Muistoista nauttiminen","children":["pht4a5343882","pht96259d626","pht6ce918c46"]},"pht6d60881e":{"name":"Kuvat-kirjaston hallitseminen","children":["pht211de786","pht6d60b524","pht6d60d10f","pht6d60348f","pht6be18f93","pht1ed9b966d"]},"pht50acf4c2":{"name":"iCloudin kuvajako","children":["pht7a4c765b","pht013f36be9","phtf7fe6394","pht5f6df5f0","phtdfcac5c5","pht884a8908"]},"pht7c4f353b":{"name":"Korttien luominen","children":["pht6e157ba6","pht337d15be","pht6e15aa61","phtab5e66ba","phtab5e72eb"]},"phtaec3da2a9":{"name":"Tulosteiden luominen ja tilaaminen","children":["phtae8c6530","pht6e15dbdb"]},"phtae8c6530":{"name":"Tulostettujen kuvien ja projektien tilaaminen","children":["pht211dd6d0","pht6e15ea68","pht6e15caf3","pht6e15b35b"]},"pht6d606e4c":{"name":"Kuvien järjestäminen albumeihin","children":["phtf677b8f5","pht6d60a1f1","pht6d60ca71","pht211de0d6"]},"apd170d821c07204":{"name":"iCloudista","children":["phtf5e48489c","phtc0bf4b9bb"]},"pht6dc708cc":{"name":"Kuvien parantaminen","children":["pht304c2ace6","phta48b41fd8","phtba22db5d6","pht13f0918f0","phte0af949f0","phtc497e8549","pht5c38b77c5","phte0ee9e101","phteb52f43ce","pht427071907"]},"pht6e41d50b":{"name":"Kuvien ja videoiden jakaminen","children":["pht50acf4c2","phtc4361d5a","pht6e4207c4","pht6e41eaff","pht1d4c62349","pht6d97570c","pht1324a500e","pht6e157c5f"]},"pht6e15d3aa":{"name":"Projektien luominen","children":["phtae8c6d40","phtae8c6467","phtb94da2f9","pht7c4f353b"]},"phtae8c6467":{"name":"Kirjojen luominen","children":["pht6e159147","pht337d0a03","pht337d0fd8","pht6e15c151","phtab5e6905","pht245fde94","phtab5e682b"]},"phtb94da2f9":{"name":"Kalenterien luominen","children":["phtb94d7e13","phtb94d7d07","phtb94d9674","phtb94d9019","phtb94da1cb","phtb94d945b"]},"phtc497e8549":{"name":"Kuvien yleisilmeen muuttaminen","children":["phtc9d389ecc","phtfd442cdbb","pht335dba352"]}},"birdseed_version":5,"toc":["pht035bc2c35","pht6c803a97","pht6d6040d1","pht8a3f9b05d","pht6dc708cc","pht6e41d50b","pht6e15d3aa","phtaec3da2a9","pht5302d0f6","pht3e99bb42d"],"locale":"fi","version":"1.2","source_schema":"apd-schema","enable_tracking":false,"platform":"mac","build_date":"2016.07.22-02:29:24","landing":"pht54710c4e","product":"photos","urls":{},"copyright":"","show_previous_next":false,"topics":{"phtb94d945b":{"name":"Kalenterin poistaminen"},"pht6e157ba6":{"name":"Kortin luominen"},"pht40b0be510":{"name":"Kuvien valitseminen ja valintojen poistaminen"},"phta58cd90d3":{"name":"Yleiskatsaus"},"phtb66b3c010":{"name":"Kuvien näyttötavan muuttaminen"},"pht245fde94":{"name":"Karttojen luominen kirjaan"},"pht6d60b524":{"name":"Useiden kirjastojen käyttäminen"},"pht5706dfc6":{"name":"iCloud","categories":["aside"]},"pht6d60ca71":{"name":"Älykkäiden albumien luominen"},"pht8a576439":{"name":"Kuvat-päivitysten hankkiminen"},"pht9bb241b3":{"name":"kuvien valitseminen","categories":["aside"]},"pht96259d626":{"name":"Muistojen katseleminen"},"pht5f6df5f0":{"name":"Jaetun albumin muuttaminen"},"phtf677b8f5":{"name":"Mitä albumit ovat?"},"pht6e15aa61":{"name":"Kuvien lisääminen ja poistaminen"},"pht304c2ace6":{"name":"Muokkaamisen perusteet"},"pht211de0d6":{"name":"Kansioiden luominen"},"pht427071907":{"name":"Muokkaaminen laajennuksilla"},"pht6d60348f":{"name":"Palauttaminen Time Machinesta"},"phtf5e48489c":{"name":"iCloud-kuvakirjastosta"},"phtc0bf4b9bb":{"name":"Omasta kuvavirrasta"},"phtfd442cdbb":{"name":"Lisäsäätöjen tekeminen"},"pht6e15b35b":{"name":"Kirjan, kortin tai kalenterin tilaaminen"},"phte0ee9e101":{"name":"Punasilmäisyyden poistaminen"},"pht6e15c151":{"name":"Sivujen kanssa työskenteleminen"},"pht98de9564":{"name":"poistaminen","categories":["aside"]},"phtc3c7c148":{"name":"aukeama","categories":["aside"]},"pht211de786":{"name":"Yleiskatsaus"},"pht101081c3":{"name":"miniatyyrikuva","categories":["aside"]},"pht9b4411b24":{"name":"Näppäinoikotiet ja eleet","href":"pht9b4411b24.html","searchName":"Kuvat-ohjelman näppäinoikotiet"},"pht10107b78":{"name":"kuvasuhde","categories":["aside"]},"phtab5e682b":{"name":"Kirjan poistaminen"},"pht6d60a1f1":{"name":"Albumien luominen"},"pht884a8908":{"name":"Albumien tilaaminen"},"phtab5e72eb":{"name":"Kortin poistaminen"},"pht013f36be9":{"name":"iCloud-kuvajaon laittaminen päälle ja pois"},"pht211dd6d0":{"name":"Yleiskatsaus"},"phtb94d7d07":{"name":"Kuvien järjestäminen"},"pht6e159147":{"name":"Kuvakirjan luominen"},"pht335dba352":{"name":"Säädöt-osion muokkaaminen"},"pht6ce918c46":{"name":"Muistojen jakaminen"},"phtba22db5d6":{"name":"Kuvien pyörittäminen"},"pht6e41eaff":{"name":"Facebook, Flickr ja Twitter"},"phtf7fe6394":{"name":"Jaetun albumin luominen"},"pht035bc2c35":{"name":"Kuvat-ohjelman yleiskatsaus"},"pht4a5343882":{"name":"Muistojen luominen"},"pht337d15be":{"name":"Kuvien järjestäminen"},"pht8d0ad5198":{"name":"Kuvien etsiminen avainsanan perusteella"},"pht2951dfb9":{"name":"Ohjauslevyn eleet"},"phtb711c0fd":{"name":"Apple ID","categories":["aside"]},"pht5156cc968":{"name":"Kuvat-asetusten määrittäminen","searchName":"Kuvat-asetukset"},"phta4e5a733f":{"name":"Kuvatietojen katsominen ja lisääminen"},"pht337d0fd8":{"name":"Kuvien lisääminen ja poistaminen"},"pht54710c4e":{"name":"Kuvat-ohje","href":"pht54710c4e.html","categories":["landing"]},"pht6e15ea68":{"name":"Ammattitasoisten tulosteiden tilaaminen"},"phtb94d7e13":{"name":"Kalenterin luominen"},"phtae4e05c67":{"name":"Tallennusvälineestä"},"phtab5e6905":{"name":"Kirjan tekstin muotoileminen"},"phteb52f43ce":{"name":"Merkintöjen lisääminen kuvaan"},"pht6e157c5f":{"name":"Kuvien, videoiden ja kuvaesitysten vieminen"},"pht1ed9b966d":{"name":"Tiedostojen tallennuspaikan vaihtaminen Kuvat-ohjelmassa"},"pht6d97570c":{"name":"iTunes"},"pht4c00b8ddc":{"name":"Kuvien katsominen sijainnin perusteella"},"pht6dc73ede":{"name":"häviötön muokkaaminen","categories":["aside"]},"pht3bfab2f96":{"name":"Kuvien ja videoiden poistaminen"},"pht56eafa987":{"name":"Kuvien näyttäminen"},"pht6c804da9":{"name":"Muista ohjelmista"},"pht13f0918f0":{"name":"Kuvien rajaaminen ja suoristaminen"},"phte0af949f0":{"name":"Lisää kuviin suodattimia"},"phtc9d389ecc":{"name":"Kuvan säätäminen"},"pht5c38b77c5":{"name":"Kuvien retusoiminen"},"pht6e4207c4":{"name":"Mail"},"phtae8c6d40":{"name":"Kuvaesitysten luominen"},"phtb94d9674":{"name":"Kuvien lisääminen tai poistaminen"},"phtb94d9019":{"name":"Päivämäärätietojen muuttaminen"},"phtb94da1cb":{"name":"Kalenteritekstin muotoileminen"},"phtc4361d5a":{"name":"Viestit"},"pht6e15caf3":{"name":"Projektin valmisteleminen tulostamista varten"},"pht6d60d10f":{"name":"Kuvat-kirjaston varmuuskopioiminen"},"pht6be18f93":{"name":"Kirjaston korjaaminen"},"pht10107cfa":{"name":"avainkuvat","categories":["aside"]},"phtc3c7b374":{"name":"SD-kortti","categories":["aside"]},"pht6e15dbdb":{"name":"Omien kuvien tulostaminen"},"pht6e593112":{"name":"Näppäinoikotiet","searchName":"Kuvat-ohjelman näppäinoikotiet"},"pht6d975c7d":{"name":"Videon näyttäminen"},"pht98de9846":{"name":"Ken Burns -tehoste","categories":["aside"]},"pht6c803201":{"name":"Kamerasta tai mobiililaitteesta"},"pht5188d4d20":{"name":"Näppäinoikotiesymbolit"},"phte3af82548":{"name":"Live Photo","categories":["aside"]},"phta48b41fd8":{"name":"Kuvien parantaminen automaattisesti"},"pht93cb7bc67":{"name":"voimakas klikkaus","categories":["aside"]},"pht98de9f27":{"name":"Kuvat RAW-muodossa","categories":["aside"]},"pht1324a500e":{"name":"Muut ohjelmat ja sivustot"},"phtdbd88e7a":{"name":"kuva-albumit ja Älykkäät albumit","categories":["aside"]},"pht337d0a03":{"name":"Kuvien järjestäminen"},"pht64de33e5a":{"name":"Kuvien etsiminen tekstin tai päivämäärän perusteella"},"phtad9d981ab":{"name":"Hae kuvia henkilöistä"},"phtdfcac5c5":{"name":"Tilaajien hallitseminen"},"phtc94a1416":{"name":"Lisää resursseja"},"pht7a4c765b":{"name":"Yleiskatsaus"},"pht12e7a8015":{"name":"Missä tuodut tiedostot ovat?"},"phtda5be08b":{"name":"avainsana","categories":["aside"]},"pht1d4c62349":{"name":"AirDrop"},"phtab5e66ba":{"name":"Kortin tekstin muotoileminen"},"phtc3c7c06e":{"name":"kuvatiedostomuodot","categories":["aside"]}},"copyright_text":"Copyright © 2016 Apple Inc. Kaikki oikeudet pidätetään."}