{"css":"","framework":"duck-10.1.0","title":"Foto's Help","build_id":"5791b32b094622a65e5e72fd","quick_links":[],"icon":"..\/SharedGlobalArt\/AppIconDefault_Photos.png","sections":{"pht5302d0f6":{"name":"Werken met Foto's","children":["pht5156cc968","pht6d60881e","pht8a576439"]},"pht3e99bb42d":{"name":"Bewegingen en toetscombinaties","children":["pht2951dfb9","pht6e593112","pht5188d4d20"]},"pht6d6040d1":{"name":"Uw foto's bekijken en ordenen","children":["pht56eafa987","pht40b0be510","phtb66b3c010","phta4e5a733f","apd679d1dae29e04","pht6d606e4c","pht6d975c7d","pht3bfab2f96"]},"apd679d1dae29e04":{"name":"Foto's zoeken","children":["pht64de33e5a","pht8d0ad5198","phtad9d981ab","pht4c00b8ddc"]},"pht6c803a97":{"name":"Foto's en video's importeren","children":["phta58cd90d3","apd170d821c07204","pht6c803201","phtae4e05c67","pht6c804da9","pht12e7a8015"]},"pht8a3f9b05d":{"name":"Genieten van aandenkens","children":["pht4a5343882","pht96259d626","pht6ce918c46"]},"pht6d60881e":{"name":"Uw Foto's-bibliotheek beheren","children":["pht211de786","pht6d60b524","pht6d60d10f","pht6d60348f","pht6be18f93","pht1ed9b966d"]},"pht50acf4c2":{"name":"iCloud-fotodeling","children":["pht7a4c765b","pht013f36be9","phtf7fe6394","pht5f6df5f0","phtdfcac5c5","pht884a8908"]},"pht7c4f353b":{"name":"Kaarten aanmaken","children":["pht6e157ba6","pht337d15be","pht6e15aa61","phtab5e66ba","phtab5e72eb"]},"phtaec3da2a9":{"name":"Afdrukken aanmaken en bestellen","children":["phtae8c6530","pht6e15dbdb"]},"phtae8c6530":{"name":"Afdrukken van foto's en projecten bestellen","children":["pht211dd6d0","pht6e15ea68","pht6e15caf3","pht6e15b35b"]},"pht6d606e4c":{"name":"Foto's in albums ordenen","children":["phtf677b8f5","pht6d60a1f1","pht6d60ca71","pht211de0d6"]},"apd170d821c07204":{"name":"Uit iCloud","children":["phtf5e48489c","phtc0bf4b9bb"]},"pht6dc708cc":{"name":"Uw foto's verbeteren","children":["pht304c2ace6","phta48b41fd8","phtba22db5d6","pht13f0918f0","phte0af949f0","phtc497e8549","pht5c38b77c5","phte0ee9e101","phteb52f43ce","pht427071907"]},"pht6e41d50b":{"name":"Uw foto's en video's delen","children":["pht50acf4c2","phtc4361d5a","pht6e4207c4","pht6e41eaff","pht1d4c62349","pht6d97570c","pht1324a500e","pht6e157c5f"]},"pht6e15d3aa":{"name":"Projecten aanmaken","children":["phtae8c6d40","phtae8c6467","phtb94da2f9","pht7c4f353b"]},"phtae8c6467":{"name":"Fotoboeken aanmaken","children":["pht6e159147","pht337d0a03","pht337d0fd8","pht6e15c151","phtab5e6905","pht245fde94","phtab5e682b"]},"phtb94da2f9":{"name":"Kalenders aanmaken","children":["phtb94d7e13","phtb94d7d07","phtb94d9674","phtb94d9019","phtb94da1cb","phtb94d945b"]},"phtc497e8549":{"name":"De weergave van foto's aanpassen","children":["phtc9d389ecc","phtfd442cdbb","pht335dba352"]}},"birdseed_version":5,"toc":["pht035bc2c35","pht6c803a97","pht6d6040d1","pht8a3f9b05d","pht6dc708cc","pht6e41d50b","pht6e15d3aa","phtaec3da2a9","pht5302d0f6","pht3e99bb42d"],"locale":"nl","version":"1.2","source_schema":"apd-schema","enable_tracking":false,"platform":"mac","build_date":"2016.07.22-03:21:38","landing":"pht54710c4e","product":"photos","urls":{},"copyright":"","show_previous_next":false,"topics":{"phtb94d945b":{"name":"Een agenda verwijderen"},"pht6e157ba6":{"name":"Een kaart aanmaken"},"pht40b0be510":{"name":"Foto's selecteren en deselecteren"},"phta58cd90d3":{"name":"Overzicht"},"phtb66b3c010":{"name":"De weergave van foto's wijzigen"},"pht245fde94":{"name":"Kaarten in een boek aanmaken"},"pht6d60b524":{"name":"Met meerdere bibliotheken werken"},"pht5706dfc6":{"name":"iCloud","categories":["aside"]},"pht6d60ca71":{"name":"Slimme albums aanmaken"},"pht8a576439":{"name":"Updates van Foto's downloaden"},"pht9bb241b3":{"name":"selecteren van foto's","categories":["aside"]},"pht96259d626":{"name":"Aandenkens bekijken"},"pht5f6df5f0":{"name":"Een gedeeld album wijzigen"},"phtf677b8f5":{"name":"Wat zijn albums?"},"pht6e15aa61":{"name":"Foto's toevoegen en verwijderen"},"pht304c2ace6":{"name":"Basisbewerkingen"},"pht211de0d6":{"name":"Mappen aanmaken"},"pht427071907":{"name":"Bewerken met behulp van extensies"},"pht6d60348f":{"name":"Terugzetten vanuit Time Machine"},"phtf5e48489c":{"name":"Uit de iCloud-fotobibliotheek"},"phtc0bf4b9bb":{"name":"Via Mijn fotostream"},"phtfd442cdbb":{"name":"Geavanceerde aanpassingen doen"},"pht6e15b35b":{"name":"Een fotoboek, kaart of kalender bestellen"},"phte0ee9e101":{"name":"Rode ogen verwijderen"},"pht6e15c151":{"name":"Werken met pagina's"},"pht98de9564":{"name":"verwijderen","categories":["aside"]},"phtc3c7c148":{"name":"paginacombinatie","categories":["aside"]},"pht211de786":{"name":"Overzicht"},"pht101081c3":{"name":"miniatuur","categories":["aside"]},"pht9b4411b24":{"name":"Toetscombinaties en bewegingen","href":"pht9b4411b24.html","searchName":"Toetscombinaties in Foto's"},"pht10107b78":{"name":"formaatverhouding","categories":["aside"]},"phtab5e682b":{"name":"Een boek verwijderen"},"pht6d60a1f1":{"name":"Albums aanmaken"},"pht884a8908":{"name":"Abonneren op albums"},"phtab5e72eb":{"name":"Een kaart verwijderen"},"pht013f36be9":{"name":"iCloud-fotodeling in- of uitschakelen"},"pht211dd6d0":{"name":"Overzicht"},"phtb94d7d07":{"name":"Foto's ordenen"},"pht6e159147":{"name":"Een fotoboek aanmaken"},"pht335dba352":{"name":"Het paneel 'Aanpassingen' aanpassen"},"pht6ce918c46":{"name":"Aandenkens delen"},"phtba22db5d6":{"name":"Foto's roteren"},"pht6e41eaff":{"name":"Facebook, Flickr en Twitter"},"phtf7fe6394":{"name":"Een gedeeld album aanmaken"},"pht035bc2c35":{"name":"Overzicht van Foto's"},"pht4a5343882":{"name":"Aandenkens aanmaken"},"pht337d15be":{"name":"Foto's ordenen"},"pht8d0ad5198":{"name":"Foto's zoeken op basis van trefwoord"},"pht2951dfb9":{"name":"Trackpadbewegingen"},"phtb711c0fd":{"name":"Apple ID","categories":["aside"]},"pht5156cc968":{"name":"Voorkeuren voor Foto's instellen","searchName":"Foto's-voorkeuren"},"phta4e5a733f":{"name":"Informatie over foto's bekijken en toevoegen"},"pht337d0fd8":{"name":"Foto's toevoegen en verwijderen"},"pht54710c4e":{"name":"Foto's Help","href":"pht54710c4e.html","categories":["landing"]},"pht6e15ea68":{"name":"Professionele afdrukken bestellen"},"phtb94d7e13":{"name":"Een agenda aanmaken"},"phtae4e05c67":{"name":"Van opslagmedia"},"phtab5e6905":{"name":"Tekst in een fotoboek opmaken"},"phteb52f43ce":{"name":"Een foto markeren"},"pht6e157c5f":{"name":"Foto's, video's en diavoorstellingen exporteren"},"pht1ed9b966d":{"name":"De locatie wijzigen waar Foto's uw bestanden bewaart"},"pht6d97570c":{"name":"iTunes"},"pht4c00b8ddc":{"name":"Foto's bekijken per locatie"},"pht6dc73ede":{"name":"niet-destructief bewerken","categories":["aside"]},"pht3bfab2f96":{"name":"Foto's en video's verwijderen"},"pht56eafa987":{"name":"Foto's weergeven"},"pht6c804da9":{"name":"Uit andere programma's"},"pht13f0918f0":{"name":"Foto's bijsnijden en rechtmaken"},"phte0af949f0":{"name":"Filters toepassen op foto's"},"phtc9d389ecc":{"name":"Een foto aanpassen"},"pht5c38b77c5":{"name":"Foto's retoucheren"},"pht6e4207c4":{"name":"Mail"},"phtae8c6d40":{"name":"Diavoorstellingen aanmaken"},"phtb94d9674":{"name":"Foto's toevoegen of verwijderen"},"phtb94d9019":{"name":"De datuminformatie wijzigen"},"phtb94da1cb":{"name":"Tekst in een kalender opmaken"},"phtc4361d5a":{"name":"Berichten"},"pht6e15caf3":{"name":"Een project voorbereiden voor afdrukken"},"pht6d60d10f":{"name":"Een reservekopie maken van de Foto's-bibliotheek"},"pht6be18f93":{"name":"Uw bibliotheek herstellen"},"pht10107cfa":{"name":"hoofdfoto","categories":["aside"]},"phtc3c7b374":{"name":"SD-kaart","categories":["aside"]},"pht6e15dbdb":{"name":"Uw eigen foto's afdrukken"},"pht6e593112":{"name":"Toetscombinaties","searchName":"Toetscombinaties in Foto's"},"pht6d975c7d":{"name":"Video's weergeven"},"pht98de9846":{"name":"Ken Burns-effect","categories":["aside"]},"pht6c803201":{"name":"Van een camera of een mobiel apparaat"},"pht5188d4d20":{"name":"Symbolen in toetscombinaties"},"phte3af82548":{"name":"Live Photo","categories":["aside"]},"phta48b41fd8":{"name":"Foto's automatisch verbeteren"},"pht93cb7bc67":{"name":"klikken met extra druk","categories":["aside"]},"pht98de9f27":{"name":"RAW-structuur","categories":["aside"]},"pht1324a500e":{"name":"Andere programma's en websites"},"phtdbd88e7a":{"name":"fotoalbums en slimme albums","categories":["aside"]},"pht337d0a03":{"name":"Foto's ordenen"},"pht64de33e5a":{"name":"Foto's zoeken op basis van tekst en datum"},"phtad9d981ab":{"name":"Foto's van personen zoeken"},"phtdfcac5c5":{"name":"Abonnees beheren"},"phtc94a1416":{"name":"Meer informatie"},"pht7a4c765b":{"name":"Overzicht"},"pht12e7a8015":{"name":"Waar zijn mijn geïmporteerde bestanden?"},"phtda5be08b":{"name":"trefwoord","categories":["aside"]},"pht1d4c62349":{"name":"AirDrop"},"phtab5e66ba":{"name":"Tekst op een kaart opmaken"},"phtc3c7c06e":{"name":"afbeeldingsstructuren","categories":["aside"]}},"copyright_text":"Copyright © 2016 Apple Inc. Alle rechten voorbehouden."}