{"css":"","framework":"duck-10.1.0","title":"写真ヘルプ","build_id":"5791b326094622a65e5e72d3","quick_links":[],"icon":"..\/SharedGlobalArt\/AppIconDefault_Photos.png","sections":{"pht5302d0f6":{"name":"「写真」を操作する","children":["pht5156cc968","pht6d60881e","pht8a576439"]},"pht3e99bb42d":{"name":"ジェスチャとキーボードショートカット","children":["pht2951dfb9","pht6e593112","pht5188d4d20"]},"pht6d6040d1":{"name":"写真を表示する／整理する","children":["pht56eafa987","pht40b0be510","phtb66b3c010","phta4e5a733f","apd679d1dae29e04","pht6d606e4c","pht6d975c7d","pht3bfab2f96"]},"apd679d1dae29e04":{"name":"写真を検索する","children":["pht64de33e5a","pht8d0ad5198","phtad9d981ab","pht4c00b8ddc"]},"pht6c803a97":{"name":"写真やビデオを読み込む","children":["phta58cd90d3","apd170d821c07204","pht6c803201","phtae4e05c67","pht6c804da9","pht12e7a8015"]},"pht8a3f9b05d":{"name":"メモリーを楽しむ","children":["pht4a5343882","pht96259d626","pht6ce918c46"]},"pht6d60881e":{"name":"写真ライブラリを管理する","children":["pht211de786","pht6d60b524","pht6d60d10f","pht6d60348f","pht6be18f93","pht1ed9b966d"]},"pht50acf4c2":{"name":"iCloud 写真共有","children":["pht7a4c765b","pht013f36be9","phtf7fe6394","pht5f6df5f0","phtdfcac5c5","pht884a8908"]},"pht7c4f353b":{"name":"カードを作成する","children":["pht6e157ba6","pht337d15be","pht6e15aa61","phtab5e66ba","phtab5e72eb"]},"phtaec3da2a9":{"name":"プリントを作成する／注文する","children":["phtae8c6530","pht6e15dbdb"]},"phtae8c6530":{"name":"プリント写真およびプロジェクトを注文する","children":["pht211dd6d0","pht6e15ea68","pht6e15caf3","pht6e15b35b"]},"pht6d606e4c":{"name":"アルバム内の写真を整理する","children":["phtf677b8f5","pht6d60a1f1","pht6d60ca71","pht211de0d6"]},"apd170d821c07204":{"name":"iCloud から","children":["phtf5e48489c","phtc0bf4b9bb"]},"pht6dc708cc":{"name":"写真を補正する","children":["pht304c2ace6","phta48b41fd8","phtba22db5d6","pht13f0918f0","phte0af949f0","phtc497e8549","pht5c38b77c5","phte0ee9e101","phteb52f43ce","pht427071907"]},"pht6e41d50b":{"name":"写真やビデオを共有する","children":["pht50acf4c2","phtc4361d5a","pht6e4207c4","pht6e41eaff","pht1d4c62349","pht6d97570c","pht1324a500e","pht6e157c5f"]},"pht6e15d3aa":{"name":"プロジェクトを作成する","children":["phtae8c6d40","phtae8c6467","phtb94da2f9","pht7c4f353b"]},"phtae8c6467":{"name":"ブックを作成する","children":["pht6e159147","pht337d0a03","pht337d0fd8","pht6e15c151","phtab5e6905","pht245fde94","phtab5e682b"]},"phtb94da2f9":{"name":"カレンダーを作成する","children":["phtb94d7e13","phtb94d7d07","phtb94d9674","phtb94d9019","phtb94da1cb","phtb94d945b"]},"phtc497e8549":{"name":"写真の見た目を調整する","children":["phtc9d389ecc","phtfd442cdbb","pht335dba352"]}},"birdseed_version":5,"toc":["pht035bc2c35","pht6c803a97","pht6d6040d1","pht8a3f9b05d","pht6dc708cc","pht6e41d50b","pht6e15d3aa","phtaec3da2a9","pht5302d0f6","pht3e99bb42d"],"locale":"ja","version":"1.2","source_schema":"apd-schema","enable_tracking":false,"platform":"mac","build_date":"2016.07.22-02:22:05","landing":"pht54710c4e","product":"photos","urls":{},"copyright":"","show_previous_next":false,"topics":{"phtb94d945b":{"name":"カレンダーを削除する"},"pht6e157ba6":{"name":"カードを作成する"},"pht40b0be510":{"name":"写真を選択する／写真の選択を解除する"},"phta58cd90d3":{"name":"概要"},"phtb66b3c010":{"name":"写真の表示方法を変更する"},"pht245fde94":{"name":"ブック内に地図を作成する"},"pht6d60b524":{"name":"複数のライブラリを使用する"},"pht5706dfc6":{"name":"iCloud","categories":["aside"]},"pht6d60ca71":{"name":"スマートアルバムを作成する"},"pht8a576439":{"name":"「写真」のアップデートを入手する"},"pht9bb241b3":{"name":"写真を選択する","categories":["aside"]},"pht96259d626":{"name":"メモリーを表示する"},"pht5f6df5f0":{"name":"共有アルバムを変更する"},"phtf677b8f5":{"name":"アルバムについて"},"pht6e15aa61":{"name":"写真を追加する／削除する"},"pht304c2ace6":{"name":"編集の基本"},"pht211de0d6":{"name":"フォルダを作成する"},"pht427071907":{"name":"機能拡張を使用して編集する"},"pht6d60348f":{"name":"Time Machine から復元する"},"phtf5e48489c":{"name":"iCloud フォトライブラリから"},"phtc0bf4b9bb":{"name":"自分のフォトストリームから"},"phtfd442cdbb":{"name":"高度な調整を加える"},"pht6e15b35b":{"name":"ブック、カード、またはカレンダーを注文する"},"phte0ee9e101":{"name":"赤目を取り除く"},"pht6e15c151":{"name":"ページを操作する"},"pht98de9564":{"name":"取り出し","categories":["aside"]},"phtc3c7c148":{"name":"見開き","categories":["aside"]},"pht211de786":{"name":"概要"},"pht101081c3":{"name":"サムネール","categories":["aside"]},"pht9b4411b24":{"name":"キーボードショートカットとジェスチャ","href":"pht9b4411b24.html","searchName":"「写真」のキーボードショートカット"},"pht10107b78":{"name":"縦横比","categories":["aside"]},"phtab5e682b":{"name":"ブックを削除する"},"pht6d60a1f1":{"name":"アルバムを作成する"},"pht884a8908":{"name":"アルバムに参加する"},"phtab5e72eb":{"name":"カードを削除する"},"pht013f36be9":{"name":"iCloud 写真共有の入／切を切り替える"},"pht211dd6d0":{"name":"概要"},"phtb94d7d07":{"name":"写真をアレンジする"},"pht6e159147":{"name":"フォトブックを作成する"},"pht335dba352":{"name":"「調整」パネルをカスタマイズする"},"pht6ce918c46":{"name":"メモリーを共有する"},"phtba22db5d6":{"name":"写真を回転する"},"pht6e41eaff":{"name":"Facebook、Flickr、および Twitter"},"phtf7fe6394":{"name":"共有アルバムを作成する"},"pht035bc2c35":{"name":"「写真」の概要"},"pht4a5343882":{"name":"メモリーを作成する"},"pht337d15be":{"name":"写真をアレンジする"},"pht8d0ad5198":{"name":"写真をキーワードで検索する"},"pht2951dfb9":{"name":"トラックパッドのジェスチャ"},"phtb711c0fd":{"name":"Apple ID","categories":["aside"]},"pht5156cc968":{"name":"「写真」環境設定を設定する","searchName":"「写真」環境設定"},"phta4e5a733f":{"name":"写真の情報を表示する／追加する"},"pht337d0fd8":{"name":"写真を追加する／削除する"},"pht54710c4e":{"name":"写真ヘルプ","href":"pht54710c4e.html","categories":["landing"]},"pht6e15ea68":{"name":"プロ品質のプリントを注文する"},"phtb94d7e13":{"name":"カレンダーを作成する"},"phtae4e05c67":{"name":"ストレージメディアから"},"phtab5e6905":{"name":"ブックのテキストのフォーマットを設定する"},"phteb52f43ce":{"name":"写真をマークアップする"},"pht6e157c5f":{"name":"写真、ビデオ、およびスライドショーを書き出す"},"pht1ed9b966d":{"name":"ファイルの保存場所を変更する"},"pht6d97570c":{"name":"iTunes"},"pht4c00b8ddc":{"name":"写真を場所ごとに表示する"},"pht6dc73ede":{"name":"非破壊編集","categories":["aside"]},"pht3bfab2f96":{"name":"写真やビデオを削除する"},"pht56eafa987":{"name":"写真を表示する"},"pht6c804da9":{"name":"ほかのアプリケーションから"},"pht13f0918f0":{"name":"写真をトリミングする／傾きを補正する"},"phte0af949f0":{"name":"写真にフィルタを適用する"},"phtc9d389ecc":{"name":"写真を調整する"},"pht5c38b77c5":{"name":"写真をレタッチする"},"pht6e4207c4":{"name":"メール"},"phtae8c6d40":{"name":"スライドショーを作成する"},"phtb94d9674":{"name":"写真を追加する／削除する"},"phtb94d9019":{"name":"日付の情報を変更する"},"phtb94da1cb":{"name":"カレンダーのテキストのフォーマットを設定する"},"phtc4361d5a":{"name":"メッセージ"},"pht6e15caf3":{"name":"プリントするプロジェクトを準備する"},"pht6d60d10f":{"name":"写真ライブラリのバックアップを作成する"},"pht6be18f93":{"name":"ライブラリを修復する"},"pht10107cfa":{"name":"キー写真","categories":["aside"]},"phtc3c7b374":{"name":"SD カード","categories":["aside"]},"pht6e15dbdb":{"name":"独自の写真をプリントする"},"pht6e593112":{"name":"キーボードショートカット","searchName":"「写真」のキーボードショートカット"},"pht6d975c7d":{"name":"ビデオを表示する"},"pht98de9846":{"name":"Ken Burns エフェクト","categories":["aside"]},"pht6c803201":{"name":"カメラまたはモバイルデバイスから"},"pht5188d4d20":{"name":"キーボードショートカット記号"},"phte3af82548":{"name":"Live Photos","categories":["aside"]},"phta48b41fd8":{"name":"写真を自動補正する"},"pht93cb7bc67":{"name":"強めのクリック","categories":["aside"]},"pht98de9f27":{"name":"RAW フォーマットの写真","categories":["aside"]},"pht1324a500e":{"name":"ほかのアプリケーションや Web サイト"},"phtdbd88e7a":{"name":"フォトアルバムとスマートアルバム","categories":["aside"]},"pht337d0a03":{"name":"写真をアレンジする"},"pht64de33e5a":{"name":"写真をテキストまたは日付で検索する"},"phtad9d981ab":{"name":"人々の写真を見つける"},"phtdfcac5c5":{"name":"参加者を管理する"},"phtc94a1416":{"name":"その他のリソース"},"pht7a4c765b":{"name":"概要"},"pht12e7a8015":{"name":"読み込んだファイルが保存される場所"},"phtda5be08b":{"name":"キーワード","categories":["aside"]},"pht1d4c62349":{"name":"AirDrop"},"phtab5e66ba":{"name":"カードのテキストのフォーマットを設定する"},"phtc3c7c06e":{"name":"イメージ・ファイル・フォーマット","categories":["aside"]}},"copyright_text":"Copyright © 2016 Apple Inc.All rights reserved."}