{"css":"","framework":"duck-10.1.0","title":"Βοήθεια για τις Φωτογραφίες","build_id":"5791b330094622a65e5e732e","quick_links":[],"icon":"..\/SharedGlobalArt\/AppIconDefault_Photos.png","sections":{"pht5302d0f6":{"name":"Εργασία με την εφαρμογή «Φωτογραφίες»","children":["pht5156cc968","pht6d60881e","pht8a576439"]},"pht3e99bb42d":{"name":"Χειρονομίες και συντομεύσεις πληκτρολογίου","children":["pht2951dfb9","pht6e593112","pht5188d4d20"]},"pht6d6040d1":{"name":"Προβολή και οργάνωση των φωτογραφιών σας","children":["pht56eafa987","pht40b0be510","phtb66b3c010","phta4e5a733f","apd679d1dae29e04","pht6d606e4c","pht6d975c7d","pht3bfab2f96"]},"apd679d1dae29e04":{"name":"Εύρεση φωτογραφιών","children":["pht64de33e5a","pht8d0ad5198","phtad9d981ab","pht4c00b8ddc"]},"pht6c803a97":{"name":"Εισαγωγή φωτογραφιών και βίντεο","children":["phta58cd90d3","apd170d821c07204","pht6c803201","phtae4e05c67","pht6c804da9","pht12e7a8015"]},"pht8a3f9b05d":{"name":"Απόλαυση αναμνήσεων","children":["pht4a5343882","pht96259d626","pht6ce918c46"]},"pht6d60881e":{"name":"Διαχείριση της βιβλιοθήκης σας Φωτογραφιών","children":["pht211de786","pht6d60b524","pht6d60d10f","pht6d60348f","pht6be18f93","pht1ed9b966d"]},"pht50acf4c2":{"name":"Κοινή χρήση φωτογραφιών iCloud","children":["pht7a4c765b","pht013f36be9","phtf7fe6394","pht5f6df5f0","phtdfcac5c5","pht884a8908"]},"pht7c4f353b":{"name":"Δημιουργία καρτών","children":["pht6e157ba6","pht337d15be","pht6e15aa61","phtab5e66ba","phtab5e72eb"]},"phtaec3da2a9":{"name":"Δημιουργία και παραγγελία εκτυπώσεων","children":["phtae8c6530","pht6e15dbdb"]},"phtae8c6530":{"name":"Παραγγελία εκτυπωμένων φωτογραφιών και έργων","children":["pht211dd6d0","pht6e15ea68","pht6e15caf3","pht6e15b35b"]},"pht6d606e4c":{"name":"Οργάνωση φωτογραφιών σε άλμπουμ","children":["phtf677b8f5","pht6d60a1f1","pht6d60ca71","pht211de0d6"]},"apd170d821c07204":{"name":"Από το iCloud","children":["phtf5e48489c","phtc0bf4b9bb"]},"pht6dc708cc":{"name":"Βελτίωση των φωτογραφιών σας","children":["pht304c2ace6","phta48b41fd8","phtba22db5d6","pht13f0918f0","phte0af949f0","phtc497e8549","pht5c38b77c5","phte0ee9e101","phteb52f43ce","pht427071907"]},"pht6e41d50b":{"name":"Κοινή χρήση φωτογραφιών και βίντεο","children":["pht50acf4c2","phtc4361d5a","pht6e4207c4","pht6e41eaff","pht1d4c62349","pht6d97570c","pht1324a500e","pht6e157c5f"]},"pht6e15d3aa":{"name":"Δημιουργία έργων","children":["phtae8c6d40","phtae8c6467","phtb94da2f9","pht7c4f353b"]},"phtae8c6467":{"name":"Δημιουργία βιβλίων","children":["pht6e159147","pht337d0a03","pht337d0fd8","pht6e15c151","phtab5e6905","pht245fde94","phtab5e682b"]},"phtb94da2f9":{"name":"Δημιουργία ημερολογίων","children":["phtb94d7e13","phtb94d7d07","phtb94d9674","phtb94d9019","phtb94da1cb","phtb94d945b"]},"phtc497e8549":{"name":"Προσαρμογή της εμφάνισης των φωτογραφιών","children":["phtc9d389ecc","phtfd442cdbb","pht335dba352"]}},"birdseed_version":5,"toc":["pht035bc2c35","pht6c803a97","pht6d6040d1","pht8a3f9b05d","pht6dc708cc","pht6e41d50b","pht6e15d3aa","phtaec3da2a9","pht5302d0f6","pht3e99bb42d"],"locale":"el","version":"1.2","source_schema":"apd-schema","enable_tracking":false,"platform":"mac","build_date":"2016.07.22-02:43:31","landing":"pht54710c4e","product":"photos","urls":{},"copyright":"","show_previous_next":false,"topics":{"phtb94d945b":{"name":"Διαγραφή ημερολογίου"},"pht6e157ba6":{"name":"Δημιουργία κάρτας"},"pht40b0be510":{"name":"Επιλογή και αποεπιλογή φωτογραφιών"},"phta58cd90d3":{"name":"Επισκόπηση"},"phtb66b3c010":{"name":"Αλλαγή του τρόπου εμφάνισης των φωτογραφιών"},"pht245fde94":{"name":"Δημιουργία χαρτών σε βιβλίο"},"pht6d60b524":{"name":"Χρήση πολλών βιβλιοθηκών"},"pht5706dfc6":{"name":"iCloud","categories":["aside"]},"pht6d60ca71":{"name":"Δημιουργία έξυπνων άλμπουμ"},"pht8a576439":{"name":"Λήψη ενημερώσεων για τις Φωτογραφίες"},"pht9bb241b3":{"name":"επιλογή φωτογραφιών","categories":["aside"]},"pht96259d626":{"name":"Προβολή αναμνήσεων"},"pht5f6df5f0":{"name":"Αλλαγή κοινόχρηστου άλμπουμ"},"phtf677b8f5":{"name":"Τι είναι τα άλμπουμ;"},"pht6e15aa61":{"name":"Προσθήκη και αφαίρεση φωτογραφιών"},"pht304c2ace6":{"name":"Βασικές πληροφορίες επεξεργασίας"},"pht211de0d6":{"name":"Δημιουργία φακέλων"},"pht427071907":{"name":"Επεξεργασία με χρήση επεκτάσεων"},"pht6d60348f":{"name":"Επαναφορά από το Time Machine"},"phtf5e48489c":{"name":"Από τη Βιβλιοθήκη φωτογραφιών iCloud"},"phtc0bf4b9bb":{"name":"Από τη ροή «Η Ροή φωτό μου»"},"phtfd442cdbb":{"name":"Πραγματοποίηση προηγμένων προσαρμογών"},"pht6e15b35b":{"name":"Παραγγελία βιβλίου, κάρτας ή ημερολογίου"},"phte0ee9e101":{"name":"Αφαίρεση κόκκινων ματιών"},"pht6e15c151":{"name":"Εργασία με σελίδες"},"pht98de9564":{"name":"εξαγωγή","categories":["aside"]},"phtc3c7c148":{"name":"δισέλιδο","categories":["aside"]},"pht211de786":{"name":"Επισκόπηση"},"pht101081c3":{"name":"μικρογραφία","categories":["aside"]},"pht9b4411b24":{"name":"Συντομεύσεις πληκτρολογίου και χειρονομίες","href":"pht9b4411b24.html","searchName":"Συντομεύσεις πληκτρολογίου στις Φωτογραφίες"},"pht10107b78":{"name":"αναλογία μεγέθους","categories":["aside"]},"phtab5e682b":{"name":"Διαγραφή βιβλίου"},"pht6d60a1f1":{"name":"Δημιουργία άλμπουμ"},"pht884a8908":{"name":"Συνδρομή σε άλμπουμ"},"phtab5e72eb":{"name":"Διαγραφή κάρτας"},"pht013f36be9":{"name":"Ενεργοποίηση ή απενεργοποίηση της κοινής χρήσης φωτογραφιών iCloud"},"pht211dd6d0":{"name":"Επισκόπηση"},"phtb94d7d07":{"name":"Τακτοποίηση φωτογραφιών"},"pht6e159147":{"name":"Δημιουργία βιβλίου φωτογραφιών"},"pht335dba352":{"name":"Προσαρμογή του τμήματος «Προσαρμογές»"},"pht6ce918c46":{"name":"Κοινή χρήση αναμνήσεων"},"phtba22db5d6":{"name":"Περιστροφή φωτογραφιών"},"pht6e41eaff":{"name":"Facebook, Flickr και Twitter"},"phtf7fe6394":{"name":"Δημιουργία κοινόχρηστου άλμπουμ"},"pht035bc2c35":{"name":"Επισκόπηση Φωτογραφιών"},"pht4a5343882":{"name":"Δημιουργία αναμνήσεων"},"pht337d15be":{"name":"Τακτοποίηση φωτογραφιών"},"pht8d0ad5198":{"name":"Εύρεση φωτογραφιών κατά λέξη-κλειδί"},"pht2951dfb9":{"name":"Χειρονομίες επιφάνειας αφής:"},"phtb711c0fd":{"name":"Apple ID","categories":["aside"]},"pht5156cc968":{"name":"Ορισμός προτιμήσεων για τις Φωτογραφίες","searchName":"Προτιμήσεις για τις Φωτογραφίες"},"phta4e5a733f":{"name":"Προβολή και προσθήκη πληροφοριών για φωτογραφίες"},"pht337d0fd8":{"name":"Προσθήκη και αφαίρεση φωτογραφιών"},"pht54710c4e":{"name":"Βοήθεια για τις Φωτογραφίες","href":"pht54710c4e.html","categories":["landing"]},"pht6e15ea68":{"name":"Παραγγελία επαγγελματικών εκτυπώσεων"},"phtb94d7e13":{"name":"Δημιουργία ημερολογίου"},"phtae4e05c67":{"name":"Από μέσα αποθήκευσης"},"phtab5e6905":{"name":"Μορφοποίηση κειμένου βιβλίου"},"phteb52f43ce":{"name":"Σήμανση φωτογραφίας"},"pht6e157c5f":{"name":"Εξαγωγή φωτογραφιών, βίντεο και παρουσιάσεων"},"pht1ed9b966d":{"name":"Αλλαγή του χώρου όπου αποθηκεύει τα αρχεία σας η εφαρμογή «Φωτογραφίες»"},"pht6d97570c":{"name":"iTunes"},"pht4c00b8ddc":{"name":"Προβολή φωτογραφιών κατά τοποθεσία"},"pht6dc73ede":{"name":"μη καταστροφική επεξεργασία","categories":["aside"]},"pht3bfab2f96":{"name":"Διαγραφή φωτογραφιών και βίντεο"},"pht56eafa987":{"name":"Προβολή φωτογραφιών"},"pht6c804da9":{"name":"Από άλλες εφαρμογές"},"pht13f0918f0":{"name":"Περικοπή και ευθυγράμμιση φωτογραφιών"},"phte0af949f0":{"name":"Εφαρμογή φίλτρων σε φωτογραφίες"},"phtc9d389ecc":{"name":"Προσαρμογή φωτογραφίας"},"pht5c38b77c5":{"name":"Ρετουσάρισμα φωτογραφιών"},"pht6e4207c4":{"name":"Mail"},"phtae8c6d40":{"name":"Δημιουργία παρουσιάσεων"},"phtb94d9674":{"name":"Προσθήκη ή αφαίρεση φωτογραφιών"},"phtb94d9019":{"name":"Αλλαγή πληροφοριών ημερομηνιών"},"phtb94da1cb":{"name":"Μορφοποίηση κειμένου ημερολογίου"},"phtc4361d5a":{"name":"Μηνύματα"},"pht6e15caf3":{"name":"Προετοιμασία έργου για εκτύπωση"},"pht6d60d10f":{"name":"Δημιουργία εφεδρικού αντιγράφου για τη βιβλιοθήκη σας Φωτογραφιών"},"pht6be18f93":{"name":"Επισκευή της βιβλιοθήκης σας"},"pht10107cfa":{"name":"βασική φωτογραφία","categories":["aside"]},"phtc3c7b374":{"name":"Κάρτα SD","categories":["aside"]},"pht6e15dbdb":{"name":"Εκτύπωση δικών σας φωτογραφιών"},"pht6e593112":{"name":"Συντομεύσεις πληκτρολογίου","searchName":"Συντομεύσεις πληκτρολογίου στις Φωτογραφίες"},"pht6d975c7d":{"name":"Προβολή βίντεο"},"pht98de9846":{"name":"Εφέ Ken Burns","categories":["aside"]},"pht6c803201":{"name":"Από κάμερα ή κινητή συσκευή"},"pht5188d4d20":{"name":"Σύμβολα συντομεύσεων πληκτρολογίου"},"phte3af82548":{"name":"Live Photo","categories":["aside"]},"phta48b41fd8":{"name":"Αυτόματη βελτίωση φωτογραφιών"},"pht93cb7bc67":{"name":"παρατεταμένο κλικ","categories":["aside"]},"pht98de9f27":{"name":"Φωτογραφίες μορφής RAW","categories":["aside"]},"pht1324a500e":{"name":"Άλλες εφαρμογές και ιστότοποι"},"phtdbd88e7a":{"name":"άλμπουμ φωτογραφιών και έξυπνα άλμπουμ","categories":["aside"]},"pht337d0a03":{"name":"Τακτοποίηση φωτογραφιών"},"pht64de33e5a":{"name":"Εύρεση φωτογραφιών κατά κείμενο ή ημερομηνία"},"phtad9d981ab":{"name":"Εύρεση φωτογραφιών ατόμων"},"phtdfcac5c5":{"name":"Διαχείριση συνδρομητών"},"phtc94a1416":{"name":"Περισσότεροι πόροι"},"pht7a4c765b":{"name":"Επισκόπηση"},"pht12e7a8015":{"name":"Πού βρίσκονται τα αρχεία που εισάγω;"},"phtda5be08b":{"name":"λέξη-κλειδί","categories":["aside"]},"pht1d4c62349":{"name":"AirDrop"},"phtab5e66ba":{"name":"Μορφοποίηση κειμένου κάρτας"},"phtc3c7c06e":{"name":"μορφές αρχείων εικόνων","categories":["aside"]}},"copyright_text":"Copyright © 2016 Apple Inc. Με επιφύλαξη κάθε δικαιώματος."}