{"css":"","framework":"duck-10.1.0","title":"Aide Photos","build_id":"5791b33b094622a65e5e7389","quick_links":[],"icon":"..\/SharedGlobalArt\/AppIconDefault_Photos.png","sections":{"pht5302d0f6":{"name":"Travailler avec Photos","children":["pht5156cc968","pht6d60881e","pht8a576439"]},"pht3e99bb42d":{"name":"Gestes et raccourcis clavier","children":["pht2951dfb9","pht6e593112","pht5188d4d20"]},"pht6d6040d1":{"name":"Afficher et organiser vos photos","children":["pht56eafa987","pht40b0be510","phtb66b3c010","phta4e5a733f","apd679d1dae29e04","pht6d606e4c","pht6d975c7d","pht3bfab2f96"]},"apd679d1dae29e04":{"name":"Rechercher des photos","children":["pht64de33e5a","pht8d0ad5198","phtad9d981ab","pht4c00b8ddc"]},"pht6c803a97":{"name":"Importer des photos et des vidéos","children":["phta58cd90d3","apd170d821c07204","pht6c803201","phtae4e05c67","pht6c804da9","pht12e7a8015"]},"pht8a3f9b05d":{"name":"Revoir des souvenirs","children":["pht4a5343882","pht96259d626","pht6ce918c46"]},"pht6d60881e":{"name":"Gérer votre photothèque Photos","children":["pht211de786","pht6d60b524","pht6d60d10f","pht6d60348f","pht6be18f93","pht1ed9b966d"]},"pht50acf4c2":{"name":"Partage de photos iCloud","children":["pht7a4c765b","pht013f36be9","phtf7fe6394","pht5f6df5f0","phtdfcac5c5","pht884a8908"]},"pht7c4f353b":{"name":"Créer des cartes","children":["pht6e157ba6","pht337d15be","pht6e15aa61","phtab5e66ba","phtab5e72eb"]},"phtaec3da2a9":{"name":"Créer et commander des tirages","children":["phtae8c6530","pht6e15dbdb"]},"phtae8c6530":{"name":"Commander des tirages de photos et de projets","children":["pht211dd6d0","pht6e15ea68","pht6e15caf3","pht6e15b35b"]},"pht6d606e4c":{"name":"Organiser les photos dans les albums","children":["phtf677b8f5","pht6d60a1f1","pht6d60ca71","pht211de0d6"]},"apd170d821c07204":{"name":"À partir d’iCloud","children":["phtf5e48489c","phtc0bf4b9bb"]},"pht6dc708cc":{"name":"Améliorer vos photos","children":["pht304c2ace6","phta48b41fd8","phtba22db5d6","pht13f0918f0","phte0af949f0","phtc497e8549","pht5c38b77c5","phte0ee9e101","phteb52f43ce","pht427071907"]},"pht6e41d50b":{"name":"Partager vos photos et vidéos","children":["pht50acf4c2","phtc4361d5a","pht6e4207c4","pht6e41eaff","pht1d4c62349","pht6d97570c","pht1324a500e","pht6e157c5f"]},"pht6e15d3aa":{"name":"Créer des projets","children":["phtae8c6d40","phtae8c6467","phtb94da2f9","pht7c4f353b"]},"phtae8c6467":{"name":"Créer des livres","children":["pht6e159147","pht337d0a03","pht337d0fd8","pht6e15c151","phtab5e6905","pht245fde94","phtab5e682b"]},"phtb94da2f9":{"name":"Créer des calendriers","children":["phtb94d7e13","phtb94d7d07","phtb94d9674","phtb94d9019","phtb94da1cb","phtb94d945b"]},"phtc497e8549":{"name":"Ajuster l’aspect des photos","children":["phtc9d389ecc","phtfd442cdbb","pht335dba352"]}},"birdseed_version":5,"toc":["pht035bc2c35","pht6c803a97","pht6d6040d1","pht8a3f9b05d","pht6dc708cc","pht6e41d50b","pht6e15d3aa","phtaec3da2a9","pht5302d0f6","pht3e99bb42d"],"locale":"fr","version":"1.2","source_schema":"apd-schema","enable_tracking":false,"platform":"mac","build_date":"2016.07.22-03:29:34","landing":"pht54710c4e","product":"photos","urls":{},"copyright":"","show_previous_next":false,"topics":{"phtb94d945b":{"name":"Supprimer un calendrier"},"pht6e157ba6":{"name":"Créer une carte"},"pht40b0be510":{"name":"Sélectionner et désélectionner des photos"},"phta58cd90d3":{"name":"Vue d’ensemble"},"phtb66b3c010":{"name":"Modifier le mode d’affichage des photos"},"pht245fde94":{"name":"Créer des plans dans un livre"},"pht6d60b524":{"name":"Utiliser plusieurs photothèques"},"pht5706dfc6":{"name":"iCloud","categories":["aside"]},"pht6d60ca71":{"name":"Créer des albums intelligents"},"pht8a576439":{"name":"Obtenir des mises à jour Photos"},"pht9bb241b3":{"name":"sélection de photos","categories":["aside"]},"pht96259d626":{"name":"Afficher des souvenirs"},"pht5f6df5f0":{"name":"Modifier un album partagé"},"phtf677b8f5":{"name":"Qu’est-ce qu’un album ?"},"pht6e15aa61":{"name":"Ajouter et supprimer des photos"},"pht304c2ace6":{"name":"Notions élémentaires sur les techniques de modification"},"pht211de0d6":{"name":"Créer des dossiers"},"pht427071907":{"name":"Modifier à l’aide d’extensions"},"pht6d60348f":{"name":"Restaurer à partir de Time Machine"},"phtf5e48489c":{"name":"À partir de la photothèque iCloud"},"phtc0bf4b9bb":{"name":"À partir de Mon flux de photos"},"phtfd442cdbb":{"name":"Effectuer des ajustements avancés"},"pht6e15b35b":{"name":"Commander un livre, une carte ou un calendrier"},"phte0ee9e101":{"name":"Supprimer les yeux rouges"},"pht6e15c151":{"name":"Manipuler les pages"},"pht98de9564":{"name":"éjecter","categories":["aside"]},"phtc3c7c148":{"name":"double page","categories":["aside"]},"pht211de786":{"name":"Vue d’ensemble"},"pht101081c3":{"name":"vignette","categories":["aside"]},"pht9b4411b24":{"name":"Raccourcis clavier et gestes","href":"pht9b4411b24.html","searchName":"Raccourcis clavier dans Photos"},"pht10107b78":{"name":"format","categories":["aside"]},"phtab5e682b":{"name":"Supprimer un livre"},"pht6d60a1f1":{"name":"Créer des albums"},"pht884a8908":{"name":"S’abonner à des albums"},"phtab5e72eb":{"name":"Supprimer une carte"},"pht013f36be9":{"name":"Activer ou désactiver le partage de photos iCloud"},"pht211dd6d0":{"name":"Vue d’ensemble"},"phtb94d7d07":{"name":"Organiser les photos"},"pht6e159147":{"name":"Créer un livre"},"pht335dba352":{"name":"Personnaliser la sous-fenêtre Ajustements"},"pht6ce918c46":{"name":"Partager des souvenirs"},"phtba22db5d6":{"name":"Faire pivoter des photos"},"pht6e41eaff":{"name":"Facebook, Flickr et Twitter"},"phtf7fe6394":{"name":"Créer un album partagé"},"pht035bc2c35":{"name":"Vue d’ensemble de Photos"},"pht4a5343882":{"name":"Créer des souvenirs"},"pht337d15be":{"name":"Organiser les photos"},"pht8d0ad5198":{"name":"Rechercher des photos par mot-clé"},"pht2951dfb9":{"name":"Gestes sur le trackpad"},"phtb711c0fd":{"name":"identifiant Apple","categories":["aside"]},"pht5156cc968":{"name":"Définir les préférences Photos","searchName":"Préférences Photos"},"phta4e5a733f":{"name":"Afficher les informations d’une photo et en ajouter"},"pht337d0fd8":{"name":"Ajouter et supprimer des photos"},"pht54710c4e":{"name":"Aide Photos","href":"pht54710c4e.html","categories":["landing"]},"pht6e15ea68":{"name":"Commander des tirages professionnels"},"phtb94d7e13":{"name":"Créer un calendrier"},"phtae4e05c67":{"name":"À partir d’un support de stockage"},"phtab5e6905":{"name":"Formater le texte d’un livre"},"phteb52f43ce":{"name":"Marquer une photo"},"pht6e157c5f":{"name":"Exporter des photos, des vidéos et des diaporamas"},"pht1ed9b966d":{"name":"Modifier l’emplacement de stockage de vos fichiers par Photos"},"pht6d97570c":{"name":"iTunes"},"pht4c00b8ddc":{"name":"Afficher des photos par emplacement"},"pht6dc73ede":{"name":"édition non destructive","categories":["aside"]},"pht3bfab2f96":{"name":"Supprimer des photos et des vidéos"},"pht56eafa987":{"name":"Afficher des photos"},"pht6c804da9":{"name":"À partir d’autres apps"},"pht13f0918f0":{"name":"Recadrer et redresser des photos"},"phte0af949f0":{"name":"Appliquer des filtres aux photos"},"phtc9d389ecc":{"name":"Régler une photo"},"pht5c38b77c5":{"name":"Retoucher des photos"},"pht6e4207c4":{"name":"Mail"},"phtae8c6d40":{"name":"Créer des diaporamas"},"phtb94d9674":{"name":"Ajouter ou supprimer des photos"},"phtb94d9019":{"name":"Modifier les informations de date"},"phtb94da1cb":{"name":"Mettre en forme le texte d’un calendrier"},"phtc4361d5a":{"name":"Messages"},"pht6e15caf3":{"name":"Préparer un projet pour impression"},"pht6d60d10f":{"name":"Sauvegarder votre photothèque Photos"},"pht6be18f93":{"name":"Réparer votre photothèque"},"pht10107cfa":{"name":"photo clé","categories":["aside"]},"phtc3c7b374":{"name":"Carte SD","categories":["aside"]},"pht6e15dbdb":{"name":"Imprimer vos propres photos"},"pht6e593112":{"name":"Raccourcis clavier","searchName":"Raccourcis clavier dans Photos"},"pht6d975c7d":{"name":"Visionner une vidéo"},"pht98de9846":{"name":"Effet Ken Burns","categories":["aside"]},"pht6c803201":{"name":"À partir d’un appareil photo ou d’un appareil mobile"},"pht5188d4d20":{"name":"Symboles de raccourcis clavier"},"phte3af82548":{"name":"Live Photo","categories":["aside"]},"phta48b41fd8":{"name":"Améliorer des photos automatiquement"},"pht93cb7bc67":{"name":"clic forcé","categories":["aside"]},"pht98de9f27":{"name":"Photos au format RAW","categories":["aside"]},"pht1324a500e":{"name":"Autres apps et sites web"},"phtdbd88e7a":{"name":"albums photo et albums intelligents","categories":["aside"]},"pht337d0a03":{"name":"Organiser les photos"},"pht64de33e5a":{"name":"Rechercher des photos par texte ou par date"},"phtad9d981ab":{"name":"Rechercher des photos de personnes"},"phtdfcac5c5":{"name":"Gérer les abonnés"},"phtc94a1416":{"name":"Autres ressources"},"pht7a4c765b":{"name":"Vue d’ensemble"},"pht12e7a8015":{"name":"Où se trouvent mes fichiers importés ?"},"phtda5be08b":{"name":"mot-clé","categories":["aside"]},"pht1d4c62349":{"name":"AirDrop"},"phtab5e66ba":{"name":"Formater le texte d’une carte"},"phtc3c7c06e":{"name":"formats de fichiers d’images","categories":["aside"]}},"copyright_text":"Copyright © 2016 Apple Inc. Tous droits réservés."}