{"css":"","framework":"duck-10.1.0","title":"A Fotók súgója","build_id":"5791b339094622a65e5e737b","quick_links":[],"icon":"..\/SharedGlobalArt\/AppIconDefault_Photos.png","sections":{"pht5302d0f6":{"name":"Műveletek a Fotókkal","children":["pht5156cc968","pht6d60881e","pht8a576439"]},"pht3e99bb42d":{"name":"Kézmozdulatok és billentyűparancsok","children":["pht2951dfb9","pht6e593112","pht5188d4d20"]},"pht6d6040d1":{"name":"A fotók megtekintése és rendszerezése","children":["pht56eafa987","pht40b0be510","phtb66b3c010","phta4e5a733f","apd679d1dae29e04","pht6d606e4c","pht6d975c7d","pht3bfab2f96"]},"apd679d1dae29e04":{"name":"Fényképek keresése","children":["pht64de33e5a","pht8d0ad5198","phtad9d981ab","pht4c00b8ddc"]},"pht6c803a97":{"name":"Fotók és videók importálása","children":["phta58cd90d3","apd170d821c07204","pht6c803201","phtae4e05c67","pht6c804da9","pht12e7a8015"]},"pht8a3f9b05d":{"name":"Emlékek felidézése","children":["pht4a5343882","pht96259d626","pht6ce918c46"]},"pht6d60881e":{"name":"A Fotók könyvtár kezelése","children":["pht211de786","pht6d60b524","pht6d60d10f","pht6d60348f","pht6be18f93","pht1ed9b966d"]},"pht50acf4c2":{"name":"iCloud-fotómegosztás","children":["pht7a4c765b","pht013f36be9","phtf7fe6394","pht5f6df5f0","phtdfcac5c5","pht884a8908"]},"pht7c4f353b":{"name":"Kártyák létrehozása","children":["pht6e157ba6","pht337d15be","pht6e15aa61","phtab5e66ba","phtab5e72eb"]},"phtaec3da2a9":{"name":"Nyomatok létrehozása és rendelése","children":["phtae8c6530","pht6e15dbdb"]},"phtae8c6530":{"name":"Nyomtatott fotók és projektek rendelése","children":["pht211dd6d0","pht6e15ea68","pht6e15caf3","pht6e15b35b"]},"pht6d606e4c":{"name":"Fotók rendszerezése albumokban","children":["phtf677b8f5","pht6d60a1f1","pht6d60ca71","pht211de0d6"]},"apd170d821c07204":{"name":"Az iCloudból","children":["phtf5e48489c","phtc0bf4b9bb"]},"pht6dc708cc":{"name":"Fényképek javítása","children":["pht304c2ace6","phta48b41fd8","phtba22db5d6","pht13f0918f0","phte0af949f0","phtc497e8549","pht5c38b77c5","phte0ee9e101","phteb52f43ce","pht427071907"]},"pht6e41d50b":{"name":"A fotók és videók megosztása","children":["pht50acf4c2","phtc4361d5a","pht6e4207c4","pht6e41eaff","pht1d4c62349","pht6d97570c","pht1324a500e","pht6e157c5f"]},"pht6e15d3aa":{"name":"Projektek létrehozása","children":["phtae8c6d40","phtae8c6467","phtb94da2f9","pht7c4f353b"]},"phtae8c6467":{"name":"Könyvek létrehozása","children":["pht6e159147","pht337d0a03","pht337d0fd8","pht6e15c151","phtab5e6905","pht245fde94","phtab5e682b"]},"phtb94da2f9":{"name":"Naptárak létrehozása","children":["phtb94d7e13","phtb94d7d07","phtb94d9674","phtb94d9019","phtb94da1cb","phtb94d945b"]},"phtc497e8549":{"name":"A fotók megjelenésének módosítása","children":["phtc9d389ecc","phtfd442cdbb","pht335dba352"]}},"birdseed_version":5,"toc":["pht035bc2c35","pht6c803a97","pht6d6040d1","pht8a3f9b05d","pht6dc708cc","pht6e41d50b","pht6e15d3aa","phtaec3da2a9","pht5302d0f6","pht3e99bb42d"],"locale":"hu","version":"1.2","source_schema":"apd-schema","enable_tracking":false,"platform":"mac","build_date":"2016.07.22-03:52:01","landing":"pht54710c4e","product":"photos","urls":{},"copyright":"","show_previous_next":false,"topics":{"phtb94d945b":{"name":"Naptár törlése"},"pht6e157ba6":{"name":"Kártya létrehozása"},"pht40b0be510":{"name":"A fényképek kijelölése és a kijelölés megszüntetése"},"phta58cd90d3":{"name":"Áttekintés"},"phtb66b3c010":{"name":"A fotók megjelenítési módjának módosítása"},"pht245fde94":{"name":"Térképek létrehozása egy könyvben"},"pht6d60b524":{"name":"Több könyvtár használata"},"pht5706dfc6":{"name":"iCloud","categories":["aside"]},"pht6d60ca71":{"name":"Intelligens albumok létrehozása"},"pht8a576439":{"name":"A Fotók frissítéseinek letöltése"},"pht9bb241b3":{"name":"fényképek kijelölése","categories":["aside"]},"pht96259d626":{"name":"Emlékek megtekintése"},"pht5f6df5f0":{"name":"Megosztott album módosítása"},"phtf677b8f5":{"name":"Mik azok az albumok?"},"pht6e15aa61":{"name":"Fényképek hozzáadása és eltávolítása"},"pht304c2ace6":{"name":"Szerkesztési alapismeretek"},"pht211de0d6":{"name":"Mappák létrehozása"},"pht427071907":{"name":"Szerkesztés bővítményekkel"},"pht6d60348f":{"name":"Visszaállítás a Time Machine használatával"},"phtf5e48489c":{"name":"Az iCloud-fotókönyvtárból"},"phtc0bf4b9bb":{"name":"A Fotóstreamből"},"phtfd442cdbb":{"name":"Haladó módosítások végzése"},"pht6e15b35b":{"name":"Könyvek, kártya vagy naptár megrendelése"},"phte0ee9e101":{"name":"Vörös szem eltávolítása"},"pht6e15c151":{"name":"Műveletek az oldalakkal"},"pht98de9564":{"name":"kiadás","categories":["aside"]},"phtc3c7c148":{"name":"oldaltartomány","categories":["aside"]},"pht211de786":{"name":"Áttekintés"},"pht101081c3":{"name":"bélyegkép","categories":["aside"]},"pht9b4411b24":{"name":"Billentyűparancsok és kézmozdulatok","href":"pht9b4411b24.html","searchName":"A Fotók billentyűparancsai"},"pht10107b78":{"name":"képarány","categories":["aside"]},"phtab5e682b":{"name":"Könyv törlése"},"pht6d60a1f1":{"name":"Albumok létrehozása"},"pht884a8908":{"name":"Feliratkozás albumokra"},"phtab5e72eb":{"name":"Kártya törlése"},"pht013f36be9":{"name":"Az iCloud-fotómegosztás be- és kikapcsolása"},"pht211dd6d0":{"name":"Áttekintés"},"phtb94d7d07":{"name":"Fényképek elrendezése"},"pht6e159147":{"name":"Emlékkönyv létrehozása"},"pht335dba352":{"name":"A Korrekciók panel testreszabása"},"pht6ce918c46":{"name":"Emlékek megosztása"},"phtba22db5d6":{"name":"Fotók forgatása"},"pht6e41eaff":{"name":"Facebook, Flickr és Twitter"},"phtf7fe6394":{"name":"Megosztott album létrehozása"},"pht035bc2c35":{"name":"A Fotók áttekintése"},"pht4a5343882":{"name":"Emlékek létrehozása"},"pht337d15be":{"name":"Fényképek elrendezése"},"pht8d0ad5198":{"name":"Fotók keresése kulcsszó szerint"},"pht2951dfb9":{"name":"Trackpaddel végezhető kézmozdulatok"},"phtb711c0fd":{"name":"Apple ID","categories":["aside"]},"pht5156cc968":{"name":"A Fotók beállításainak megadása","searchName":"A Fotók beállításai"},"phta4e5a733f":{"name":"Fotóinformációk megtekintése és hozzáadása"},"pht337d0fd8":{"name":"Fényképek hozzáadása és eltávolítása"},"pht54710c4e":{"name":"A Fotók súgója","href":"pht54710c4e.html","categories":["landing"]},"pht6e15ea68":{"name":"Professzionális nyomatok rendelése"},"phtb94d7e13":{"name":"Naptár létrehozása"},"phtae4e05c67":{"name":"Tárolóeszközről"},"phtab5e6905":{"name":"Könyv szövegének formázása"},"phteb52f43ce":{"name":"Fotó megjelölése"},"pht6e157c5f":{"name":"Fotók, videók és diabemutatók exportálása"},"pht1ed9b966d":{"name":"A Fotók fájljainak tárolására kijelölt hely módosítása"},"pht6d97570c":{"name":"iTunes"},"pht4c00b8ddc":{"name":"Fotók megtekintése hely szerint"},"pht6dc73ede":{"name":"roncsolásmentes szerkesztés","categories":["aside"]},"pht3bfab2f96":{"name":"Fotók és videók törlése"},"pht56eafa987":{"name":"Fotók megtekintése"},"pht6c804da9":{"name":"Más alkalmazásokból"},"pht13f0918f0":{"name":"Fotó vágása vagy kiegyenesítése"},"phte0af949f0":{"name":"Szűrők alkalmazása a fotókon"},"phtc9d389ecc":{"name":"Fotó beállítása"},"pht5c38b77c5":{"name":"Fotók retusálása"},"pht6e4207c4":{"name":"Mail"},"phtae8c6d40":{"name":"Diabemutatók létrehozása"},"phtb94d9674":{"name":"Fotók hozzáadása vagy eltávolítása"},"phtb94d9019":{"name":"Dátuminformációk módosítása"},"phtb94da1cb":{"name":"Naptár szövegének formázása"},"phtc4361d5a":{"name":"Üzenetek"},"pht6e15caf3":{"name":"Projekt előkészítése nyomtatáshoz"},"pht6d60d10f":{"name":"Biztonsági másolat készítése a Fotók könyvtárról"},"pht6be18f93":{"name":"A könyvtár javítása"},"pht10107cfa":{"name":"kulcsfénykép","categories":["aside"]},"phtc3c7b374":{"name":"SD-kártya","categories":["aside"]},"pht6e15dbdb":{"name":"Saját fotók nyomtatása"},"pht6e593112":{"name":"Billentyűparancsok","searchName":"A Fotók billentyűparancsai"},"pht6d975c7d":{"name":"Videók megtekintése"},"pht98de9846":{"name":"Ken Burns effektus","categories":["aside"]},"pht6c803201":{"name":"Fényképezőgépről vagy mobilkészülékről"},"pht5188d4d20":{"name":"Billentyűparancs-szimbólumok"},"phte3af82548":{"name":"Live Photo","categories":["aside"]},"phta48b41fd8":{"name":"Fotók automatikus korrigálása"},"pht93cb7bc67":{"name":"erős kattintás","categories":["aside"]},"pht98de9f27":{"name":"RAW formátumú fényképek","categories":["aside"]},"pht1324a500e":{"name":"Egyéb alkalmazások és webhelyek"},"phtdbd88e7a":{"name":"fényképalbumok és okos albumok","categories":["aside"]},"pht337d0a03":{"name":"Fényképek elrendezése"},"pht64de33e5a":{"name":"Fotók keresése szöveg vagy dátum szerint"},"phtad9d981ab":{"name":"Személyekről készült fotók keresése"},"phtdfcac5c5":{"name":"Feliratkozók kezelése"},"phtc94a1416":{"name":"További erőforrások"},"pht7a4c765b":{"name":"Áttekintés"},"pht12e7a8015":{"name":"Hol vannak az importált fájljaim?"},"phtda5be08b":{"name":"kulcsszó","categories":["aside"]},"pht1d4c62349":{"name":"AirDrop"},"phtab5e66ba":{"name":"Kártyaszöveg formázása"},"phtc3c7c06e":{"name":"képfájlformátumok","categories":["aside"]}},"copyright_text":"Copyright © 2016 Apple Inc. Minden jog fenntartva."}