{"css":"","framework":"duck-10.1.0","title":"Pomocník pre Fotky","build_id":"5791b33a094622a65e5e7382","quick_links":[],"icon":"..\/SharedGlobalArt\/AppIconDefault_Photos.png","sections":{"pht5302d0f6":{"name":"Práca v aplikácii Fotky","children":["pht5156cc968","pht6d60881e","pht8a576439"]},"pht3e99bb42d":{"name":"Gestá a klávesové skratky","children":["pht2951dfb9","pht6e593112","pht5188d4d20"]},"pht6d6040d1":{"name":"Zobrazenie a usporiadanie fotiek","children":["pht56eafa987","pht40b0be510","phtb66b3c010","phta4e5a733f","apd679d1dae29e04","pht6d606e4c","pht6d975c7d","pht3bfab2f96"]},"apd679d1dae29e04":{"name":"Vyhľadávanie fotiek","children":["pht64de33e5a","pht8d0ad5198","phtad9d981ab","pht4c00b8ddc"]},"pht6c803a97":{"name":"Importovanie fotiek a videí","children":["phta58cd90d3","apd170d821c07204","pht6c803201","phtae4e05c67","pht6c804da9","pht12e7a8015"]},"pht8a3f9b05d":{"name":"Užite si spomienky","children":["pht4a5343882","pht96259d626","pht6ce918c46"]},"pht6d60881e":{"name":"Spravovanie knižnice aplikácie Fotky","children":["pht211de786","pht6d60b524","pht6d60d10f","pht6d60348f","pht6be18f93","pht1ed9b966d"]},"pht50acf4c2":{"name":"Zdieľanie fotiek v iCloude","children":["pht7a4c765b","pht013f36be9","phtf7fe6394","pht5f6df5f0","phtdfcac5c5","pht884a8908"]},"pht7c4f353b":{"name":"Vytváranie pozdravov","children":["pht6e157ba6","pht337d15be","pht6e15aa61","phtab5e66ba","phtab5e72eb"]},"phtaec3da2a9":{"name":"Vytváranie a objednávanie výtlačkov","children":["phtae8c6530","pht6e15dbdb"]},"phtae8c6530":{"name":"Objednávanie tlačených fotiek a projektov","children":["pht211dd6d0","pht6e15ea68","pht6e15caf3","pht6e15b35b"]},"pht6d606e4c":{"name":"Usporiadanie fotiek v albumoch","children":["phtf677b8f5","pht6d60a1f1","pht6d60ca71","pht211de0d6"]},"apd170d821c07204":{"name":"Z iCloudu","children":["phtf5e48489c","phtc0bf4b9bb"]},"pht6dc708cc":{"name":"Vylepšovanie fotografií","children":["pht304c2ace6","phta48b41fd8","phtba22db5d6","pht13f0918f0","phte0af949f0","phtc497e8549","pht5c38b77c5","phte0ee9e101","phteb52f43ce","pht427071907"]},"pht6e41d50b":{"name":"Zdieľanie fotiek a videí","children":["pht50acf4c2","phtc4361d5a","pht6e4207c4","pht6e41eaff","pht1d4c62349","pht6d97570c","pht1324a500e","pht6e157c5f"]},"pht6e15d3aa":{"name":"Vytváranie projektov","children":["phtae8c6d40","phtae8c6467","phtb94da2f9","pht7c4f353b"]},"phtae8c6467":{"name":"Vytváranie kníh","children":["pht6e159147","pht337d0a03","pht337d0fd8","pht6e15c151","phtab5e6905","pht245fde94","phtab5e682b"]},"phtb94da2f9":{"name":"Vytváranie kalendárov","children":["phtb94d7e13","phtb94d7d07","phtb94d9674","phtb94d9019","phtb94da1cb","phtb94d945b"]},"phtc497e8549":{"name":"Úprava vzhľadu fotiek","children":["phtc9d389ecc","phtfd442cdbb","pht335dba352"]}},"birdseed_version":5,"toc":["pht035bc2c35","pht6c803a97","pht6d6040d1","pht8a3f9b05d","pht6dc708cc","pht6e41d50b","pht6e15d3aa","phtaec3da2a9","pht5302d0f6","pht3e99bb42d"],"locale":"sk","version":"1.2","source_schema":"apd-schema","enable_tracking":false,"platform":"mac","build_date":"2016.07.22-03:49:49","landing":"pht54710c4e","product":"photos","urls":{},"copyright":"","show_previous_next":false,"topics":{"phtb94d945b":{"name":"Vymazanie kalendára"},"pht6e157ba6":{"name":"Vytvorenie pozdravu"},"pht40b0be510":{"name":"Výber a zrušenie výberu fotiek"},"phta58cd90d3":{"name":"Prehľad"},"phtb66b3c010":{"name":"Zmena spôsobu zobrazenia fotiek"},"pht245fde94":{"name":"Vytváranie máp v knihe"},"pht6d60b524":{"name":"Používanie viacerých knižníc"},"pht5706dfc6":{"name":"iCloud","categories":["aside"]},"pht6d60ca71":{"name":"Vytváranie dynamických albumov"},"pht8a576439":{"name":"Aktualizácia aplikácie Fotky"},"pht9bb241b3":{"name":"výber fotografií","categories":["aside"]},"pht96259d626":{"name":"Zobrazenie spomienok"},"pht5f6df5f0":{"name":"Zmena zdieľaného albumu"},"phtf677b8f5":{"name":"Čo sú albumy?"},"pht6e15aa61":{"name":"Pridanie a odstránenie fotiek"},"pht304c2ace6":{"name":"Základy upravovania"},"pht211de0d6":{"name":"Vytváranie priečinkov"},"pht427071907":{"name":"Upravovanie pomocou rozšírení"},"pht6d60348f":{"name":"Obnova z Time Machine"},"phtf5e48489c":{"name":"Z iCloud Fotoknižnice"},"phtc0bf4b9bb":{"name":"Z Môjho Fotostreamu"},"phtfd442cdbb":{"name":"Vykonávanie rozšírených úprav"},"pht6e15b35b":{"name":"Objednanie knihy, pozdravu alebo kalendára"},"phte0ee9e101":{"name":"Odstránenie červených očí"},"pht6e15c151":{"name":"Práca so stranami"},"pht98de9564":{"name":"vysunúť","categories":["aside"]},"phtc3c7c148":{"name":"rozvrhnutie strany","categories":["aside"]},"pht211de786":{"name":"Prehľad"},"pht101081c3":{"name":"miniatúra","categories":["aside"]},"pht9b4411b24":{"name":"Klávesové skratky a gestá","href":"pht9b4411b24.html","searchName":"Klávesové skratky v aplikácii Fotky"},"pht10107b78":{"name":"pomer veľkosti","categories":["aside"]},"phtab5e682b":{"name":"Vymazanie knihy"},"pht6d60a1f1":{"name":"Vytváranie albumov"},"pht884a8908":{"name":"Odoberanie albumov"},"phtab5e72eb":{"name":"Vymazanie pozdravu"},"pht013f36be9":{"name":"Zapnutie a vypnutie služby iCloud Zdieľanie fotiek"},"pht211dd6d0":{"name":"Prehľad"},"phtb94d7d07":{"name":"Usporiadanie fotiek"},"pht6e159147":{"name":"Vytvorenie fotoknihy"},"pht335dba352":{"name":"Prispôsobenie panela Úpravy"},"pht6ce918c46":{"name":"Zdieľanie spomienok"},"phtba22db5d6":{"name":"Otáčanie fotiek"},"pht6e41eaff":{"name":"Facebook, Flickr a Twitter"},"phtf7fe6394":{"name":"Vytvorenie zdieľaného albumu"},"pht035bc2c35":{"name":"Prehľad aplikácie Fotky"},"pht4a5343882":{"name":"Vytváranie spomienok"},"pht337d15be":{"name":"Usporiadanie fotiek"},"pht8d0ad5198":{"name":"Vyhľadávanie fotiek podľa kľúčových slov"},"pht2951dfb9":{"name":"Gestá na trackpade"},"phtb711c0fd":{"name":"Apple ID","categories":["aside"]},"pht5156cc968":{"name":"Nastavenia aplikácie Fotky","searchName":"Nastavenia fotiek"},"phta4e5a733f":{"name":"Zobrazovanie a pridávanie informácií o fotkách"},"pht337d0fd8":{"name":"Pridanie a odstránenie fotiek"},"pht54710c4e":{"name":"Pomocník pre Fotky","href":"pht54710c4e.html","categories":["landing"]},"pht6e15ea68":{"name":"Objednávanie profesionálnych výtlačkov"},"phtb94d7e13":{"name":"Vytvorenie kalendára"},"phtae4e05c67":{"name":"Z úložného média"},"phtab5e6905":{"name":"Formátovanie textu v knihe"},"phteb52f43ce":{"name":"Označovanie fotky"},"pht6e157c5f":{"name":"Exportovanie fotiek, videí a prezentácií"},"pht1ed9b966d":{"name":"Zmena miesta, kam aplikácia Fotky ukladá súbory"},"pht6d97570c":{"name":"iTunes"},"pht4c00b8ddc":{"name":"Prezeranie fotiek podľa miest"},"pht6dc73ede":{"name":"nedeštruktívne úpravy","categories":["aside"]},"pht3bfab2f96":{"name":"Vymazávanie fotiek a videí"},"pht56eafa987":{"name":"Zobrazenie fotiek"},"pht6c804da9":{"name":"Z iných aplikácií"},"pht13f0918f0":{"name":"Orezávanie a vyrovnávanie fotiek"},"phte0af949f0":{"name":"Používanie filtrov na fotky"},"phtc9d389ecc":{"name":"Úprava fotky"},"pht5c38b77c5":{"name":"Retušovanie fotiek"},"pht6e4207c4":{"name":"Mail"},"phtae8c6d40":{"name":"Vytváranie prezentácií"},"phtb94d9674":{"name":"Pridanie a odstránenie fotiek"},"phtb94d9019":{"name":"Zmena dátumových informácií"},"phtb94da1cb":{"name":"Formátovanie textu v kalendári"},"phtc4361d5a":{"name":"Správy"},"pht6e15caf3":{"name":"Príprava projektu pre tlač"},"pht6d60d10f":{"name":"Zálohovanie knižnice aplikácie Fotky"},"pht6be18f93":{"name":"Oprava knižnice"},"pht10107cfa":{"name":"kľúčová fotografia","categories":["aside"]},"phtc3c7b374":{"name":"Karta SD","categories":["aside"]},"pht6e15dbdb":{"name":"Tlač vlastných fotiek"},"pht6e593112":{"name":"Klávesové skratky","searchName":"Klávesové skratky v aplikácii Fotky"},"pht6d975c7d":{"name":"Prezeranie videí"},"pht98de9846":{"name":"Efekt Ken Burns","categories":["aside"]},"pht6c803201":{"name":"Z kamery alebo mobilného zariadenia"},"pht5188d4d20":{"name":"Symboly klávesových skratiek"},"phte3af82548":{"name":"Live Photo","categories":["aside"]},"phta48b41fd8":{"name":"Automatické vylepšovanie fotiek"},"pht93cb7bc67":{"name":"zatlačenie","categories":["aside"]},"pht98de9f27":{"name":"Fotografie vo formáte RAW","categories":["aside"]},"pht1324a500e":{"name":"Ďalšie aplikácie a webové stránky"},"phtdbd88e7a":{"name":"albumy fotografií a dynamické albumy","categories":["aside"]},"pht337d0a03":{"name":"Usporiadanie fotiek"},"pht64de33e5a":{"name":"Vyhľadávanie fotiek podľa textu alebo dátumu"},"phtad9d981ab":{"name":"Hľadanie fotiek ľudí"},"phtdfcac5c5":{"name":"Spravovanie odberateľov"},"phtc94a1416":{"name":"Ďalšie zdroje"},"pht7a4c765b":{"name":"Prehľad"},"pht12e7a8015":{"name":"Kde sú moje importované súbory?"},"phtda5be08b":{"name":"kľúčové slovo","categories":["aside"]},"pht1d4c62349":{"name":"AirDrop"},"phtab5e66ba":{"name":"Formátovanie textu na pozdrave"},"phtc3c7c06e":{"name":"obrázkové formáty súborov","categories":["aside"]}},"copyright_text":"Copyright © 2016 Apple Inc. Všetky práva vyhradené."}