{"css":"","framework":"duck-10.1.0","title":"Trợ giúp Ảnh","build_id":"579f92dc094622b916be6129","quick_links":[],"icon":"..\/SharedGlobalArt\/AppIconDefault_Photos.png","sections":{"pht5302d0f6":{"name":"Làm việc với Ảnh","children":["pht5156cc968","pht6d60881e","pht8a576439"]},"pht3e99bb42d":{"name":"Cử chỉ và phím tắt trên bàn phím","children":["pht2951dfb9","pht6e593112","pht5188d4d20"]},"pht6d6040d1":{"name":"Xem và sắp xếp ảnh","children":["pht56eafa987","pht40b0be510","phtb66b3c010","phta4e5a733f","apd679d1dae29e04","pht6d606e4c","pht6d975c7d","pht3bfab2f96"]},"apd679d1dae29e04":{"name":"Tìm ảnh","children":["pht64de33e5a","pht8d0ad5198","phtad9d981ab","pht4c00b8ddc"]},"pht6c803a97":{"name":"Nhập ảnh và video","children":["phta58cd90d3","apd170d821c07204","pht6c803201","phtae4e05c67","pht6c804da9","pht12e7a8015"]},"pht8a3f9b05d":{"name":"Tận hưởng kỷ niệm","children":["pht4a5343882","pht96259d626","pht6ce918c46"]},"pht6d60881e":{"name":"Quản lý thư viện Ảnh của bạn","children":["pht211de786","pht6d60b524","pht6d60d10f","pht6d60348f","pht6be18f93","pht1ed9b966d"]},"pht50acf4c2":{"name":"Chia sẻ Ảnh iCloud","children":["pht7a4c765b","pht013f36be9","phtf7fe6394","pht5f6df5f0","phtdfcac5c5","pht884a8908"]},"pht7c4f353b":{"name":"Tạo thiệp","children":["pht6e157ba6","pht337d15be","pht6e15aa61","phtab5e66ba","phtab5e72eb"]},"phtaec3da2a9":{"name":"Tạo và đặt mua bản in","children":["phtae8c6530","pht6e15dbdb"]},"phtae8c6530":{"name":"Đặt mua ảnh và dự án được in","children":["pht211dd6d0","pht6e15ea68","pht6e15caf3","pht6e15b35b"]},"pht6d606e4c":{"name":"Sắp xếp ảnh trong album","children":["phtf677b8f5","pht6d60a1f1","pht6d60ca71","pht211de0d6"]},"apd170d821c07204":{"name":"Từ iCloud","children":["phtf5e48489c","phtc0bf4b9bb"]},"pht6dc708cc":{"name":"Cải thiện ảnh của bạn","children":["pht304c2ace6","phta48b41fd8","phtba22db5d6","pht13f0918f0","phte0af949f0","phtc497e8549","pht5c38b77c5","phte0ee9e101","phteb52f43ce","pht427071907"]},"pht6e41d50b":{"name":"Chia sẻ ảnh và video của bạn","children":["pht50acf4c2","phtc4361d5a","pht6e4207c4","pht6e41eaff","pht1d4c62349","pht6d97570c","pht1324a500e","pht6e157c5f"]},"pht6e15d3aa":{"name":"Tạo dự án","children":["phtae8c6d40","phtae8c6467","phtb94da2f9","pht7c4f353b"]},"phtae8c6467":{"name":"Tạo sách","children":["pht6e159147","pht337d0a03","pht337d0fd8","pht6e15c151","phtab5e6905","pht245fde94","phtab5e682b"]},"phtb94da2f9":{"name":"Tạo lịch","children":["phtb94d7e13","phtb94d7d07","phtb94d9674","phtb94d9019","phtb94da1cb","phtb94d945b"]},"phtc497e8549":{"name":"Điều chỉnh hình thức của ảnh","children":["phtc9d389ecc","phtfd442cdbb","pht335dba352"]}},"birdseed_version":5,"toc":["pht035bc2c35","pht6c803a97","pht6d6040d1","pht8a3f9b05d","pht6dc708cc","pht6e41d50b","pht6e15d3aa","phtaec3da2a9","pht5302d0f6","pht3e99bb42d"],"locale":"vi","version":"1.2","source_schema":"apd-schema","enable_tracking":false,"platform":"mac","build_date":"2016.08.01-11:37:09","landing":"pht54710c4e","product":"photos","urls":{},"copyright":"","show_previous_next":false,"topics":{"phtb94d945b":{"name":"Xóa lịch"},"pht6e157ba6":{"name":"Tạo thiệp"},"pht40b0be510":{"name":"Chọn và bỏ chọn ảnh"},"phta58cd90d3":{"name":"Tổng quan"},"phtb66b3c010":{"name":"Thay đổi cách hiển thị ảnh"},"pht245fde94":{"name":"Tạo bản đồ trong sách"},"pht6d60b524":{"name":"Sử dụng nhiều thư viện"},"pht5706dfc6":{"name":"iCloud","categories":["aside"]},"pht6d60ca71":{"name":"Tạo Album Thông minh"},"pht8a576439":{"name":"Tải bản cập nhật Ảnh"},"pht9bb241b3":{"name":"chọn ảnh","categories":["aside"]},"pht96259d626":{"name":"Xem kỷ niệm"},"pht5f6df5f0":{"name":"Thay đổi album được chia sẻ"},"phtf677b8f5":{"name":"Album là gì?"},"pht6e15aa61":{"name":"Thêm và xóa ảnh"},"pht304c2ace6":{"name":"Chức năng sửa cơ bản"},"pht211de0d6":{"name":"Tạo thư mục"},"pht427071907":{"name":"Sửa bằng phần mở rộng"},"pht6d60348f":{"name":"Khôi phục từ Time Machine"},"phtf5e48489c":{"name":"Từ Thư viện Ảnh iCloud"},"phtc0bf4b9bb":{"name":"Từ Kho Ảnh của tôi"},"phtfd442cdbb":{"name":"Thực hiện các điều chỉnh nâng cao"},"pht6e15b35b":{"name":"Đặt mua sách, thiệp hoặc lịch"},"phte0ee9e101":{"name":"Loại bỏ mắt đỏ"},"pht6e15c151":{"name":"Làm việc với trang"},"pht98de9564":{"name":"tháo","categories":["aside"]},"phtc3c7c148":{"name":"mở rộng trang","categories":["aside"]},"pht211de786":{"name":"Tổng quan"},"pht101081c3":{"name":"hình thu nhỏ","categories":["aside"]},"pht9b4411b24":{"name":"Phím tắt trên bàn phím và cử chỉ","href":"pht9b4411b24.html","searchName":"Phím tắt trong Ảnh"},"pht10107b78":{"name":"tỷ lệ kích cỡ","categories":["aside"]},"phtab5e682b":{"name":"Xóa sách"},"pht6d60a1f1":{"name":"Tạo album"},"pht884a8908":{"name":"Đăng ký xem album"},"phtab5e72eb":{"name":"Xóa thiệp"},"pht013f36be9":{"name":"Bật hoặc tắt Chia sẻ Ảnh iCloud"},"pht211dd6d0":{"name":"Tổng quan"},"phtb94d7d07":{"name":"Sắp xếp ảnh"},"pht6e159147":{"name":"Tạo sách ảnh"},"pht335dba352":{"name":"Tùy chỉnh khung Điều chỉnh"},"pht6ce918c46":{"name":"Chia sẻ kỷ niệm"},"phtba22db5d6":{"name":"Xoay ảnh"},"pht6e41eaff":{"name":"Facebook, Flickr và Twitter"},"phtf7fe6394":{"name":"Tạo album được chia sẻ"},"pht035bc2c35":{"name":"Tổng quan về Ảnh"},"pht4a5343882":{"name":"Tạo kỷ niệm"},"pht337d15be":{"name":"Sắp xếp ảnh"},"pht8d0ad5198":{"name":"Tìm ảnh theo từ khóa"},"pht2951dfb9":{"name":"Cử chỉ bàn di chuột"},"phtb711c0fd":{"name":"ID Apple","categories":["aside"]},"pht5156cc968":{"name":"Đặt tùy chọn Ảnh","searchName":"Tùy chọn Ảnh"},"phta4e5a733f":{"name":"Xem và thêm thông tin về ảnh"},"pht337d0fd8":{"name":"Thêm và xóa ảnh"},"pht54710c4e":{"name":"Trợ giúp Ảnh","href":"pht54710c4e.html","categories":["landing"]},"pht6e15ea68":{"name":"Đặt mua bản in chuyên nghiệp"},"phtb94d7e13":{"name":"Tạo lịch"},"phtae4e05c67":{"name":"Từ phương tiện lưu trữ"},"phtab5e6905":{"name":"Định dạng văn bản sách"},"phteb52f43ce":{"name":"Đánh dấu ảnh"},"pht6e157c5f":{"name":"Xuất ảnh, video và bản trình chiếu"},"pht1ed9b966d":{"name":"Thay đổi nơi Ảnh lưu tệp của bạn"},"pht6d97570c":{"name":"iTunes"},"pht4c00b8ddc":{"name":"Xem ảnh theo địa điểm"},"pht6dc73ede":{"name":"sửa không hủy được","categories":["aside"]},"pht3bfab2f96":{"name":"Xóa ảnh và video"},"pht56eafa987":{"name":"Xem ảnh"},"pht6c804da9":{"name":"Từ các ứng dụng khác"},"pht13f0918f0":{"name":"Cắt xén và kéo thẳng ảnh"},"phte0af949f0":{"name":"Áp dụng bộ lọc cho ảnh"},"phtc9d389ecc":{"name":"Điều chỉnh ảnh"},"pht5c38b77c5":{"name":"Chỉnh sửa ảnh"},"pht6e4207c4":{"name":"Mail"},"phtae8c6d40":{"name":"Tạo bản trình chiếu"},"phtb94d9674":{"name":"Thêm hoặc xóa ảnh"},"phtb94d9019":{"name":"Thay đổi thông tin về ngày"},"phtb94da1cb":{"name":"Định dạng văn bản lịch"},"phtc4361d5a":{"name":"Tin nhắn"},"pht6e15caf3":{"name":"Chuẩn bị dự án để in"},"pht6d60d10f":{"name":"Sao lưu thư viện Ảnh"},"pht6be18f93":{"name":"Sửa chữa thư viện của bạn"},"pht10107cfa":{"name":"ảnh chính","categories":["aside"]},"phtc3c7b374":{"name":"thẻ SD","categories":["aside"]},"pht6e15dbdb":{"name":"In ảnh của chính bạn"},"pht6e593112":{"name":"Phím tắt trên bàn phím","searchName":"Phím tắt trong Ảnh"},"pht6d975c7d":{"name":"Xem video"},"pht98de9846":{"name":"hiệu ứng Ken Burns","categories":["aside"]},"pht6c803201":{"name":"Từ máy ảnh hoặc thiết bị di động"},"pht5188d4d20":{"name":"Biểu tượng phím tắt trên bàn phím"},"phte3af82548":{"name":"Live Photo","categories":["aside"]},"phta48b41fd8":{"name":"Tự động cải thiện ảnh"},"pht93cb7bc67":{"name":"bấm mạnh","categories":["aside"]},"pht98de9f27":{"name":"ảnh có định dạng RAW","categories":["aside"]},"pht1324a500e":{"name":"Các ứng dụng và trang web khác"},"phtdbd88e7a":{"name":"album ảnh và Album Thông minh","categories":["aside"]},"pht337d0a03":{"name":"Sắp xếp ảnh"},"pht64de33e5a":{"name":"Tìm ảnh theo văn bản hoặc ngày"},"phtad9d981ab":{"name":"Tìm ảnh của mọi người"},"phtdfcac5c5":{"name":"Quản lý người đăng ký"},"phtc94a1416":{"name":"Tài nguyên khác"},"pht7a4c765b":{"name":"Tổng quan"},"pht12e7a8015":{"name":"Các tệp đã nhập của tôi ở đâu?"},"phtda5be08b":{"name":"từ khóa","categories":["aside"]},"pht1d4c62349":{"name":"AirDrop"},"phtab5e66ba":{"name":"Định dạng văn bản thiệp"},"phtc3c7c06e":{"name":"định dạng tệp hình ảnh","categories":["aside"]}},"copyright_text":"Bản quyền © 2016 Apple Inc. Mọi quyền được bảo lưu."}