{"css":"","framework":"duck-10.1.0","title":"วิธีใช้แอพรูปภาพ","build_id":"579f9925680ce2bd2c415599","quick_links":[],"icon":"..\/SharedGlobalArt\/AppIconDefault_Photos.png","sections":{"pht5302d0f6":{"name":"การทำงานกับแอพรูปภาพ","children":["pht5156cc968","pht6d60881e","pht8a576439"]},"pht3e99bb42d":{"name":"ท่าทางและปุ่มลัดแป้นพิมพ์","children":["pht2951dfb9","pht6e593112","pht5188d4d20"]},"pht6d6040d1":{"name":"การดูและจัดระเบียบรูปภาพของคุณ","children":["pht56eafa987","pht40b0be510","phtb66b3c010","phta4e5a733f","apd679d1dae29e04","pht6d606e4c","pht6d975c7d","pht3bfab2f96"]},"apd679d1dae29e04":{"name":"การค้นหารูปภาพ","children":["pht64de33e5a","pht8d0ad5198","phtad9d981ab","pht4c00b8ddc"]},"pht6c803a97":{"name":"นำเข้ารูปภาพและวิดีโอ","children":["phta58cd90d3","apd170d821c07204","pht6c803201","phtae4e05c67","pht6c804da9","pht12e7a8015"]},"pht8a3f9b05d":{"name":"สนุกกับความทรงจำ","children":["pht4a5343882","pht96259d626","pht6ce918c46"]},"pht6d60881e":{"name":"การจัดการคลังรูปภาพของคุณ","children":["pht211de786","pht6d60b524","pht6d60d10f","pht6d60348f","pht6be18f93","pht1ed9b966d"]},"pht50acf4c2":{"name":"การแชร์รูปภาพ iCloud","children":["pht7a4c765b","pht013f36be9","phtf7fe6394","pht5f6df5f0","phtdfcac5c5","pht884a8908"]},"pht7c4f353b":{"name":"การสร้างการ์ด","children":["pht6e157ba6","pht337d15be","pht6e15aa61","phtab5e66ba","phtab5e72eb"]},"phtaec3da2a9":{"name":"การสร้างและสั่งงานพิมพ์","children":["phtae8c6530","pht6e15dbdb"]},"phtae8c6530":{"name":"การสั่งพิมพ์รูปภาพและโปรเจ็กต์","children":["pht211dd6d0","pht6e15ea68","pht6e15caf3","pht6e15b35b"]},"pht6d606e4c":{"name":"การจัดระเบียบรูปภาพในอัลบั้ม","children":["phtf677b8f5","pht6d60a1f1","pht6d60ca71","pht211de0d6"]},"apd170d821c07204":{"name":"จาก iCloud","children":["phtf5e48489c","phtc0bf4b9bb"]},"pht6dc708cc":{"name":"การปรับปรุงรูปภาพของคุณ","children":["pht304c2ace6","phta48b41fd8","phtba22db5d6","pht13f0918f0","phte0af949f0","phtc497e8549","pht5c38b77c5","phte0ee9e101","phteb52f43ce","pht427071907"]},"pht6e41d50b":{"name":"การแชร์รูปภาพและวิดีโอของคุณ","children":["pht50acf4c2","phtc4361d5a","pht6e4207c4","pht6e41eaff","pht1d4c62349","pht6d97570c","pht1324a500e","pht6e157c5f"]},"pht6e15d3aa":{"name":"การสร้างโปรเจ็กต์","children":["phtae8c6d40","phtae8c6467","phtb94da2f9","pht7c4f353b"]},"phtae8c6467":{"name":"การสร้างหนังสือ","children":["pht6e159147","pht337d0a03","pht337d0fd8","pht6e15c151","phtab5e6905","pht245fde94","phtab5e682b"]},"phtb94da2f9":{"name":"การสร้างปฏิทิน","children":["phtb94d7e13","phtb94d7d07","phtb94d9674","phtb94d9019","phtb94da1cb","phtb94d945b"]},"phtc497e8549":{"name":"ปรับลักษณะของรูปภาพ","children":["phtc9d389ecc","phtfd442cdbb","pht335dba352"]}},"birdseed_version":5,"toc":["pht035bc2c35","pht6c803a97","pht6d6040d1","pht8a3f9b05d","pht6dc708cc","pht6e41d50b","pht6e15d3aa","phtaec3da2a9","pht5302d0f6","pht3e99bb42d"],"locale":"th","version":"1.2","source_schema":"apd-schema","enable_tracking":false,"platform":"mac","build_date":"2016.08.01-12:07:56","landing":"pht54710c4e","product":"photos","urls":{},"copyright":"","show_previous_next":false,"topics":{"phtb94d945b":{"name":"การลบปฏิทิน"},"pht6e157ba6":{"name":"การสร้างการ์ด"},"pht40b0be510":{"name":"การเลือกและยกเลิกการเลือกรูปภาพ"},"phta58cd90d3":{"name":"ภาพรวม"},"phtb66b3c010":{"name":"การเปลี่ยนวิธีแสดงรูปภาพ"},"pht245fde94":{"name":"การสร้างแผนที่ในสมุด"},"pht6d60b524":{"name":"การใช้หลายคลัง"},"pht5706dfc6":{"name":"iCloud","categories":["aside"]},"pht6d60ca71":{"name":"การสร้างอัลบั้มอัจฉริยะ"},"pht8a576439":{"name":"ขอรับรายการอัพเดทรูปภาพ"},"pht9bb241b3":{"name":"การเลือกรูปภาพ","categories":["aside"]},"pht96259d626":{"name":"ดูความทรงจำ"},"pht5f6df5f0":{"name":"การเปลี่ยนอัลบั้มที่แชร์"},"phtf677b8f5":{"name":"อัลบั้มคืออะไร"},"pht6e15aa61":{"name":"การเพิ่มและเอารูปภาพออก"},"pht304c2ace6":{"name":"ข้อมูลพื้นฐานการแก้ไข"},"pht211de0d6":{"name":"การสร้างโฟลเดอร์"},"pht427071907":{"name":"การแก้ไขโดยใช้ส่วนขยาย"},"pht6d60348f":{"name":"การกู้คืนจาก Time Machine"},"phtf5e48489c":{"name":"จากคลังรูปภาพ iCloud"},"phtc0bf4b9bb":{"name":"จากการสตรีมรูปภาพของฉัน"},"phtfd442cdbb":{"name":"การปรับรูปภาพขั้นสูง"},"pht6e15b35b":{"name":"การสั่งสมุด การ์ด หรือปฏิทิน"},"phte0ee9e101":{"name":"ลบตาแดง"},"pht6e15c151":{"name":"การจัดการหน้าต่างๆ"},"pht98de9564":{"name":"ถอดออก","categories":["aside"]},"phtc3c7c148":{"name":"หน้าคู่","categories":["aside"]},"pht211de786":{"name":"ภาพรวม"},"pht101081c3":{"name":"รูปขนาดย่อ","categories":["aside"]},"pht9b4411b24":{"name":"คีย์ลัดแป้นพิมพ์และลักษณะท่าทาง","href":"pht9b4411b24.html","searchName":"ปุ่มลัดแป้นพิมพ์ในแอพรูปภาพ"},"pht10107b78":{"name":"สัดส่วนขนาด","categories":["aside"]},"phtab5e682b":{"name":"ลบสมุด"},"pht6d60a1f1":{"name":"การสร้างอัลบั้ม"},"pht884a8908":{"name":"การสมัครสมาชิกอัลบั้ม"},"phtab5e72eb":{"name":"การลบการ์ด"},"pht013f36be9":{"name":"การเปิดหรือปิดการแชร์รูปภาพ iCloud"},"pht211dd6d0":{"name":"ภาพรวม"},"phtb94d7d07":{"name":"การจัดเรียงรูปภาพ"},"pht6e159147":{"name":"การสร้างสมุดภาพ"},"pht335dba352":{"name":"การปรับแต่งบานหน้าต่างการปรับด้วยตัวเอง"},"pht6ce918c46":{"name":"แชร์ความทรงจำ"},"phtba22db5d6":{"name":"หมุนรูปภาพ"},"pht6e41eaff":{"name":"Facebook, Flickr และ Twitter"},"phtf7fe6394":{"name":"การสร้างอัลบั้มที่แชร์"},"pht035bc2c35":{"name":"ภาพรวมแอพรูปภาพ"},"pht4a5343882":{"name":"สร้างความทรงจำ"},"pht337d15be":{"name":"การจัดเรียงรูปภาพ"},"pht8d0ad5198":{"name":"การค้นหารูปภาพตามคำสำคัญ"},"pht2951dfb9":{"name":"ท่าทางแทร็คแพด"},"phtb711c0fd":{"name":"Apple ID","categories":["aside"]},"pht5156cc968":{"name":"การติดตั้งการตั้งค่าแอปรูปภาพ","searchName":"การตั้งค่ารูปภาพ"},"phta4e5a733f":{"name":"ดูและเพิ่มข้อมูลรูปภาพ"},"pht337d0fd8":{"name":"การเพิ่มและเอารูปภาพออก"},"pht54710c4e":{"name":"วิธีใช้แอพรูปภาพ","href":"pht54710c4e.html","categories":["landing"]},"pht6e15ea68":{"name":"การสั่งพิมพ์แบบมืออาชีพ"},"phtb94d7e13":{"name":"การสร้างปฏิทิน"},"phtae4e05c67":{"name":"จากสื่อพื้นที่จัดเก็บ"},"phtab5e6905":{"name":"การจัดรูปแบบข้อความสมุด"},"phteb52f43ce":{"name":"ทำเครื่องหมายรูปภาพ"},"pht6e157c5f":{"name":"การส่งออกรูปภาพ วิดีโอ และสไลด์โชว์"},"pht1ed9b966d":{"name":"การเปลี่ยนแปลงรูปภาพที่จัดเก็บไฟล์ของคุณ"},"pht6d97570c":{"name":"iTunes"},"pht4c00b8ddc":{"name":"ดูรูปภาพตามตำแหน่ง"},"pht6dc73ede":{"name":"การแก้ไขที่ไม่เป็นการทำลาย","categories":["aside"]},"pht3bfab2f96":{"name":"การลบรูปภาพและวิดีโอ"},"pht56eafa987":{"name":"การดูรูปภาพ"},"pht6c804da9":{"name":"จากแอพอื่นๆ"},"pht13f0918f0":{"name":"ครอบตัดและปรับตำแหน่งรูปภาพ"},"phte0af949f0":{"name":"ปรับฟิลเตอร์เพื่อใช้กับรูปภาพ"},"phtc9d389ecc":{"name":"การปรับรูปภาพ"},"pht5c38b77c5":{"name":"ตกแต่งรูปภาพ"},"pht6e4207c4":{"name":"เมล"},"phtae8c6d40":{"name":"การสร้างสไลด์โชว์"},"phtb94d9674":{"name":"การเพิ่มหรือเอารูปภาพออก"},"phtb94d9019":{"name":"เปลี่ยนข้อมูลวันที่"},"phtb94da1cb":{"name":"การจัดรูปแบบข้อความปฏิทิน"},"phtc4361d5a":{"name":"ข้อความ"},"pht6e15caf3":{"name":"การเตรียมโปรเจ็กต์สำหรับการพิมพ์"},"pht6d60d10f":{"name":"การสำรองข้อมูลคลังรูปภาพของคุณ"},"pht6be18f93":{"name":"การซ่อมแซมคลังของคุณ"},"pht10107cfa":{"name":"รูปภาพหลัก","categories":["aside"]},"phtc3c7b374":{"name":"การ์ด SD","categories":["aside"]},"pht6e15dbdb":{"name":"การพิมพ์รูปภาพของคุณเอง"},"pht6e593112":{"name":"ปุ่มลัดแป้นพิมพ์","searchName":"ปุ่มลัดแป้นพิมพ์ในแอพรูปภาพ"},"pht6d975c7d":{"name":"การดูวิดีโอ"},"pht98de9846":{"name":"เอฟเฟกต์ Ken Burns","categories":["aside"]},"pht6c803201":{"name":"จากกล้องหรืออุปกรณ์เคลื่อนที่"},"pht5188d4d20":{"name":"สัญลักษณ์ปุ่มลัดแป้นพิมพ์"},"phte3af82548":{"name":"Live Photo","categories":["aside"]},"phta48b41fd8":{"name":"ปรับคุณภาพรูปภาพโดยอัตโนมัติ"},"pht93cb7bc67":{"name":"คลิกลงน้ำหนัก","categories":["aside"]},"pht98de9f27":{"name":"รูปภาพแบบ RAW","categories":["aside"]},"pht1324a500e":{"name":"แอพและเว็บไซต์อื่นๆ"},"phtdbd88e7a":{"name":"อัลบั้มรูปภาพและอัลบั้มอัจฉริยะ","categories":["aside"]},"pht337d0a03":{"name":"การจัดเรียงรูปภาพ"},"pht64de33e5a":{"name":"การค้นหารูปภาพตามข้อความหรือวันที่"},"phtad9d981ab":{"name":"ค้นหารูปภาพของบุคคล"},"phtdfcac5c5":{"name":"การจัดการผู้สมัครสมาชิก"},"phtc94a1416":{"name":"แหล่งข้อมูลเพิ่มเติม"},"pht7a4c765b":{"name":"ภาพรวม"},"pht12e7a8015":{"name":"ไฟล์ที่นำเข้าของฉันอยู่ที่ใด"},"phtda5be08b":{"name":"คำสำคัญ","categories":["aside"]},"pht1d4c62349":{"name":"AirDrop"},"phtab5e66ba":{"name":"การจัดรูปแบบข้อความการ์ด"},"phtc3c7c06e":{"name":"รูปแบบไฟล์รูปภาพ","categories":["aside"]}},"copyright_text":"ลิขสิทธิ์ © 2016 Apple Inc.สงวนลิขสิทธิ์"}