{"css":"","framework":"duck-10.1.0","title":"Photos Help","build_id":"5776b1ef680ce29c152f02c4","quick_links":[],"icon":"..\/SharedGlobalArt\/AppIconDefault_Photos.png","sections":{"pht5302d0f6":{"name":"Work with Photos","children":["pht5156cc968","pht6d60881e","pht8a576439"]},"pht3e99bb42d":{"name":"Gestures and keyboard shortcuts","children":["pht2951dfb9","pht6e593112","pht5188d4d20"]},"pht6d6040d1":{"name":"View and organize your photos","children":["pht56eafa987","pht40b0be510","phtb66b3c010","phta4e5a733f","apd679d1dae29e04","pht6d606e4c","pht6d975c7d","pht3bfab2f96"]},"apd679d1dae29e04":{"name":"Find photos","children":["pht64de33e5a","pht8d0ad5198","phtad9d981ab","pht4c00b8ddc"]},"pht6c803a97":{"name":"Import photos and videos","children":["phta58cd90d3","apd170d821c07204","pht6c803201","phtae4e05c67","pht6c804da9","pht12e7a8015"]},"pht8a3f9b05d":{"name":"Enjoy memories","children":["pht4a5343882","pht96259d626","pht6ce918c46"]},"pht6d60881e":{"name":"Manage your Photos library","children":["pht211de786","pht6d60b524","pht6d60d10f","pht6d60348f","pht6be18f93","pht1ed9b966d"]},"pht50acf4c2":{"name":"iCloud Photo Sharing","children":["pht7a4c765b","pht013f36be9","phtf7fe6394","pht5f6df5f0","phtdfcac5c5","pht884a8908"]},"pht7c4f353b":{"name":"Create cards","children":["pht6e157ba6","pht337d15be","pht6e15aa61","phtab5e66ba","phtab5e72eb"]},"phtaec3da2a9":{"name":"Create and order prints","children":["phtae8c6530","pht6e15dbdb"]},"phtae8c6530":{"name":"Order printed photos and projects","children":["pht211dd6d0","pht6e15ea68","pht6e15caf3","pht6e15b35b"]},"pht6d606e4c":{"name":"Organize photos in albums","children":["phtf677b8f5","pht6d60a1f1","pht6d60ca71","pht211de0d6"]},"apd170d821c07204":{"name":"From iCloud","children":["phtf5e48489c","phtc0bf4b9bb"]},"pht6dc708cc":{"name":"Improve your photos","children":["pht304c2ace6","phta48b41fd8","phtba22db5d6","pht13f0918f0","phte0af949f0","phtc497e8549","pht5c38b77c5","phte0ee9e101","phteb52f43ce","pht427071907"]},"pht6e41d50b":{"name":"Share your photos and video","children":["pht50acf4c2","phtc4361d5a","pht6e4207c4","pht6e41eaff","pht1d4c62349","pht6d97570c","pht1324a500e","pht6e157c5f"]},"pht6e15d3aa":{"name":"Create projects","children":["phtae8c6d40","phtae8c6467","phtb94da2f9","pht7c4f353b"]},"phtae8c6467":{"name":"Create books","children":["pht6e159147","pht337d0a03","pht337d0fd8","pht6e15c151","phtab5e6905","pht245fde94","phtab5e682b"]},"phtb94da2f9":{"name":"Create calendars","children":["phtb94d7e13","phtb94d7d07","phtb94d9674","phtb94d9019","phtb94da1cb","phtb94d945b"]},"phtc497e8549":{"name":"Adjust the look of photos","children":["phtc9d389ecc","phtfd442cdbb","pht335dba352"]}},"birdseed_version":5,"toc":["pht035bc2c35","pht6c803a97","pht6d6040d1","pht8a3f9b05d","pht6dc708cc","pht6e41d50b","pht6e15d3aa","phtaec3da2a9","pht5302d0f6","pht3e99bb42d"],"locale":"en","version":"1.2","source_schema":"apd-schema","enable_tracking":false,"platform":"mac","build_date":"2016.07.01-11:28:18","landing":"pht54710c4e","product":"photos","urls":{},"copyright":"","show_previous_next":false,"topics":{"phtb94d945b":{"name":"Delete a calendar"},"pht6e157ba6":{"name":"Create a card"},"pht40b0be510":{"name":"Select and deselect photos"},"phta58cd90d3":{"name":"Overview"},"phtb66b3c010":{"name":"Change how photos are displayed"},"pht245fde94":{"name":"Create maps in a book"},"pht6d60b524":{"name":"Use multiple libraries"},"pht5706dfc6":{"name":"iCloud","categories":["aside"]},"pht6d60ca71":{"name":"Create Smart Albums"},"pht8a576439":{"name":"Get Photos updates"},"pht9bb241b3":{"name":"selecting photos","categories":["aside"]},"pht96259d626":{"name":"View memories"},"pht5f6df5f0":{"name":"Change a shared album"},"phtf677b8f5":{"name":"What are albums?"},"pht6e15aa61":{"name":"Add and remove photos"},"pht304c2ace6":{"name":"Editing basics"},"pht211de0d6":{"name":"Create folders"},"pht427071907":{"name":"Edit using extensions"},"pht6d60348f":{"name":"Restore from Time Machine"},"phtf5e48489c":{"name":"From iCloud Photo Library"},"phtc0bf4b9bb":{"name":"From My Photo Stream"},"phtfd442cdbb":{"name":"Make advanced adjustments"},"pht6e15b35b":{"name":"Order a book, card, or calendar"},"phte0ee9e101":{"name":"Remove red-eye"},"pht6e15c151":{"name":"Work with pages"},"pht98de9564":{"name":"eject","categories":["aside"]},"phtc3c7c148":{"name":"page spread","categories":["aside"]},"pht211de786":{"name":"Overview"},"pht101081c3":{"name":"thumbnail","categories":["aside"]},"pht9b4411b24":{"name":"Keyboard shortcuts and gestures","href":"pht9b4411b24.html","searchName":"Keyboard shortcuts in Photos"},"pht10107b78":{"name":"size ratio","categories":["aside"]},"phtab5e682b":{"name":"Delete a book"},"pht6d60a1f1":{"name":"Create albums"},"pht884a8908":{"name":"Subscribe to albums"},"phtab5e72eb":{"name":"Delete a card"},"pht013f36be9":{"name":"Turn iCloud Photo Sharing on or off"},"pht211dd6d0":{"name":"Overview"},"phtb94d7d07":{"name":"Arrange photos"},"pht6e159147":{"name":"Create a photo book"},"pht335dba352":{"name":"Customize the Adjustments pane"},"pht6ce918c46":{"name":"Share memories"},"phtba22db5d6":{"name":"Rotate photos"},"pht6e41eaff":{"name":"Facebook, Flickr, and Twitter"},"phtf7fe6394":{"name":"Create a shared album"},"pht035bc2c35":{"name":"Photos overview"},"pht4a5343882":{"name":"Create memories"},"pht337d15be":{"name":"Arrange photos"},"pht8d0ad5198":{"name":"Find photos by keyword"},"pht2951dfb9":{"name":"Trackpad gestures"},"phtb711c0fd":{"name":"Apple ID","categories":["aside"]},"pht5156cc968":{"name":"Set Photos preferences","searchName":"Photos preferences"},"phta4e5a733f":{"name":"View and add photo information"},"pht337d0fd8":{"name":"Add and remove photos"},"pht54710c4e":{"name":"Photos Help","href":"pht54710c4e.html","categories":["landing"]},"pht6e15ea68":{"name":"Order professional prints"},"phtb94d7e13":{"name":"Create a calendar"},"phtae4e05c67":{"name":"From storage media"},"phtab5e6905":{"name":"Format book text"},"phteb52f43ce":{"name":"Mark up a photo"},"pht6e157c5f":{"name":"Export photos, videos, and slideshows"},"pht1ed9b966d":{"name":"Change where Photos stores your files"},"pht6d97570c":{"name":"iTunes"},"pht4c00b8ddc":{"name":"View photos by location"},"pht6dc73ede":{"name":"nondestructive editing","categories":["aside"]},"pht3bfab2f96":{"name":"Delete photos and videos"},"pht56eafa987":{"name":"View photos"},"pht6c804da9":{"name":"From other apps"},"pht13f0918f0":{"name":"Crop and straighten photos"},"phte0af949f0":{"name":"Apply filters to photos"},"phtc9d389ecc":{"name":"Adjust a photo"},"pht5c38b77c5":{"name":"Retouch photos"},"pht6e4207c4":{"name":"Mail"},"phtae8c6d40":{"name":"Create slideshows"},"phtb94d9674":{"name":"Add or remove photos"},"phtb94d9019":{"name":"Change the date information"},"phtb94da1cb":{"name":"Format calendar text"},"phtc4361d5a":{"name":"Messages"},"pht6e15caf3":{"name":"Prepare a project for printing"},"pht6d60d10f":{"name":"Back up your Photos library"},"pht6be18f93":{"name":"Repair your library"},"pht10107cfa":{"name":"key photo","categories":["aside"]},"phtc3c7b374":{"name":"SD card","categories":["aside"]},"pht6e15dbdb":{"name":"Print your own photos"},"pht6e593112":{"name":"Keyboard shortcuts","searchName":"Keyboard shortcuts in Photos"},"pht6d975c7d":{"name":"View video"},"pht98de9846":{"name":"Ken Burns effect","categories":["aside"]},"pht6c803201":{"name":"From a camera or mobile device"},"pht5188d4d20":{"name":"Keyboard shortcut symbols"},"phte3af82548":{"name":"Live Photo","categories":["aside"]},"phta48b41fd8":{"name":"Enhance photos automatically"},"pht93cb7bc67":{"name":"force click","categories":["aside"]},"pht98de9f27":{"name":"RAW-format photos","categories":["aside"]},"pht1324a500e":{"name":"Other apps and websites"},"phtdbd88e7a":{"name":"photo albums and Smart Albums","categories":["aside"]},"pht337d0a03":{"name":"Arrange photos"},"pht64de33e5a":{"name":"Find photos by text or date"},"phtad9d981ab":{"name":"Find photos of people"},"phtdfcac5c5":{"name":"Manage subscribers"},"phtc94a1416":{"name":"More resources"},"pht7a4c765b":{"name":"Overview"},"pht12e7a8015":{"name":"Where are my imported files?"},"phtda5be08b":{"name":"keyword","categories":["aside"]},"pht1d4c62349":{"name":"AirDrop"},"phtab5e66ba":{"name":"Format card text"},"phtc3c7c06e":{"name":"image file formats","categories":["aside"]}},"copyright_text":"Copyright © 2016 Apple Inc. All rights reserved."}