{"css":"","framework":"duck-10.1.0","title":"Pomoć za funkciju Photos","build_id":"5791b32f094622a65e5e7320","quick_links":[],"icon":"..\/SharedGlobalArt\/AppIconDefault_Photos.png","sections":{"pht5302d0f6":{"name":"Rad s aplikacijom Photos","children":["pht5156cc968","pht6d60881e","pht8a576439"]},"pht3e99bb42d":{"name":"Pokreti i prečaci tipkovnice","children":["pht2951dfb9","pht6e593112","pht5188d4d20"]},"pht6d6040d1":{"name":"Pregled i organizacija fotografija","children":["pht56eafa987","pht40b0be510","phtb66b3c010","phta4e5a733f","apd679d1dae29e04","pht6d606e4c","pht6d975c7d","pht3bfab2f96"]},"apd679d1dae29e04":{"name":"Pretraga fotografija","children":["pht64de33e5a","pht8d0ad5198","phtad9d981ab","pht4c00b8ddc"]},"pht6c803a97":{"name":"Importiranje fotografija i videozapisa","children":["phta58cd90d3","apd170d821c07204","pht6c803201","phtae4e05c67","pht6c804da9","pht12e7a8015"]},"pht8a3f9b05d":{"name":"Uživajte u uspomenama","children":["pht4a5343882","pht96259d626","pht6ce918c46"]},"pht6d60881e":{"name":"Upravljanje Foto medijatekom","children":["pht211de786","pht6d60b524","pht6d60d10f","pht6d60348f","pht6be18f93","pht1ed9b966d"]},"pht50acf4c2":{"name":"Dijeljenje fotografija putem usluge iCloud","children":["pht7a4c765b","pht013f36be9","phtf7fe6394","pht5f6df5f0","phtdfcac5c5","pht884a8908"]},"pht7c4f353b":{"name":"Izrada razglednica","children":["pht6e157ba6","pht337d15be","pht6e15aa61","phtab5e66ba","phtab5e72eb"]},"phtaec3da2a9":{"name":"Izrada i naručivanje ispisa","children":["phtae8c6530","pht6e15dbdb"]},"phtae8c6530":{"name":"Naručivanje ispisanih fotografija i projekata","children":["pht211dd6d0","pht6e15ea68","pht6e15caf3","pht6e15b35b"]},"pht6d606e4c":{"name":"Organizacija fotografija u albumima","children":["phtf677b8f5","pht6d60a1f1","pht6d60ca71","pht211de0d6"]},"apd170d821c07204":{"name":"Iz sustava iCloud","children":["phtf5e48489c","phtc0bf4b9bb"]},"pht6dc708cc":{"name":"Poboljšavanje fotografija","children":["pht304c2ace6","phta48b41fd8","phtba22db5d6","pht13f0918f0","phte0af949f0","phtc497e8549","pht5c38b77c5","phte0ee9e101","phteb52f43ce","pht427071907"]},"pht6e41d50b":{"name":"Dijeljenje fotografija i video zapisa","children":["pht50acf4c2","phtc4361d5a","pht6e4207c4","pht6e41eaff","pht1d4c62349","pht6d97570c","pht1324a500e","pht6e157c5f"]},"pht6e15d3aa":{"name":"Izrada projekata","children":["phtae8c6d40","phtae8c6467","phtb94da2f9","pht7c4f353b"]},"phtae8c6467":{"name":"Izrada knjiga","children":["pht6e159147","pht337d0a03","pht337d0fd8","pht6e15c151","phtab5e6905","pht245fde94","phtab5e682b"]},"phtb94da2f9":{"name":"Izrada kalendara","children":["phtb94d7e13","phtb94d7d07","phtb94d9674","phtb94d9019","phtb94da1cb","phtb94d945b"]},"phtc497e8549":{"name":"Podešavanje izgleda fotografija","children":["phtc9d389ecc","phtfd442cdbb","pht335dba352"]}},"birdseed_version":5,"toc":["pht035bc2c35","pht6c803a97","pht6d6040d1","pht8a3f9b05d","pht6dc708cc","pht6e41d50b","pht6e15d3aa","phtaec3da2a9","pht5302d0f6","pht3e99bb42d"],"locale":"hr","version":"1.2","source_schema":"apd-schema","enable_tracking":false,"platform":"mac","build_date":"2016.07.22-03:22:29","landing":"pht54710c4e","product":"photos","urls":{},"copyright":"","show_previous_next":false,"topics":{"phtb94d945b":{"name":"Brisanje kalendara"},"pht6e157ba6":{"name":"Izrada razglednice"},"pht40b0be510":{"name":"Označavanje i poništavanje označavanja fotografije"},"phta58cd90d3":{"name":"Pregled"},"phtb66b3c010":{"name":"Promjena prikaza fotografija"},"pht245fde94":{"name":"Izrada karti u knjigama"},"pht6d60b524":{"name":"Uporaba više medijateka"},"pht5706dfc6":{"name":"iCloud","categories":["aside"]},"pht6d60ca71":{"name":"Izrada pametnih albuma"},"pht8a576439":{"name":"Ažuriranje funkcije Photos"},"pht9bb241b3":{"name":"odabir fotografija","categories":["aside"]},"pht96259d626":{"name":"Prikaz uspomena"},"pht5f6df5f0":{"name":"Promjena dijeljenog albuma"},"phtf677b8f5":{"name":"Što su to albumi?"},"pht6e15aa61":{"name":"Dodavanje i uklanjanje fotografija"},"pht304c2ace6":{"name":"Osnove uređivanja"},"pht211de0d6":{"name":"Izrada mapa"},"pht427071907":{"name":"Uređivanje primjenom ekstenzija"},"pht6d60348f":{"name":"Obnova iz funkcije Time Machine"},"phtf5e48489c":{"name":"Iz iCloud fotoalbuma"},"phtc0bf4b9bb":{"name":"S funkcije Moj Foto stream"},"phtfd442cdbb":{"name":"Provođenje naprednih podešavanja"},"pht6e15b35b":{"name":"Narudžba knjige, razglednice ili kalendara"},"phte0ee9e101":{"name":"Uklanjanje crvenih očiju"},"pht6e15c151":{"name":"Rad sa stranicama"},"pht98de9564":{"name":"izbacivanje","categories":["aside"]},"phtc3c7c148":{"name":"raspored stranice","categories":["aside"]},"pht211de786":{"name":"Pregled"},"pht101081c3":{"name":"minijatura","categories":["aside"]},"pht9b4411b24":{"name":"Prečaci tipkovnice i geste","href":"pht9b4411b24.html","searchName":"Prečaci tipkovnice u aplikaciji Foto"},"pht10107b78":{"name":"format slike","categories":["aside"]},"phtab5e682b":{"name":"Brisanje knjige"},"pht6d60a1f1":{"name":"Izrada albuma"},"pht884a8908":{"name":"Pretplata na albume"},"phtab5e72eb":{"name":"Brisanje razglednice"},"pht013f36be9":{"name":"Uključenje ili isključenje iCloud dijeljenja fotografija"},"pht211dd6d0":{"name":"Pregled"},"phtb94d7d07":{"name":"Razmještanje fotografija"},"pht6e159147":{"name":"Izrada fotoknjige"},"pht335dba352":{"name":"Podešavanje prozora za prilagodbe"},"pht6ce918c46":{"name":"Dijelite uspomene"},"phtba22db5d6":{"name":"Rotiranje fotografija"},"pht6e41eaff":{"name":"Facebook, Flickr i Twitter"},"phtf7fe6394":{"name":"Izrada dijeljenog albuma"},"pht035bc2c35":{"name":"Pregled aplikacije Foto"},"pht4a5343882":{"name":"Stvorite uspomene"},"pht337d15be":{"name":"Razmještanje fotografija"},"pht8d0ad5198":{"name":"Pretraga fotografija prema ključnoj riječi"},"pht2951dfb9":{"name":"Pokreti za Trackpad"},"phtb711c0fd":{"name":"Apple ID","categories":["aside"]},"pht5156cc968":{"name":"Podešavanje postavki aplikacije Photos","searchName":"Postavke aplikacije Foto"},"phta4e5a733f":{"name":"Prikaz i dodavanje informacija o fotografiji"},"pht337d0fd8":{"name":"Dodavanje i uklanjanje fotografija"},"pht54710c4e":{"name":"Pomoć za funkciju Photos","href":"pht54710c4e.html","categories":["landing"]},"pht6e15ea68":{"name":"Naručivanje profesionalnih otisaka"},"phtb94d7e13":{"name":"Izrada kalendara"},"phtae4e05c67":{"name":"S medija za pohranu"},"phtab5e6905":{"name":"Formatiranje teksta knjige"},"phteb52f43ce":{"name":"Obilježavanje fotografije"},"pht6e157c5f":{"name":"Eksportiranje fotografija, videozapisa i slideshow prikaza"},"pht1ed9b966d":{"name":"Promjena lokacije pohrane datoteka u funkciji Photos"},"pht6d97570c":{"name":"iTunes"},"pht4c00b8ddc":{"name":"Prikaz fotografija prema lokaciji"},"pht6dc73ede":{"name":"sigurno uređivanje","categories":["aside"]},"pht3bfab2f96":{"name":"Brisanje fotografija i videozapisa"},"pht56eafa987":{"name":"Pregled fotografija"},"pht6c804da9":{"name":"Iz drugih aplikacija"},"pht13f0918f0":{"name":"Rezanje i ravnanje fotografija"},"phte0af949f0":{"name":"Primjena filtara na fotografije"},"phtc9d389ecc":{"name":"Podešavanje fotografije"},"pht5c38b77c5":{"name":"Retuširanje fotografija"},"pht6e4207c4":{"name":"Mail"},"phtae8c6d40":{"name":"Izrada slideshow prikaza"},"phtb94d9674":{"name":"Dodavanje ili uklanjanje fotografija"},"phtb94d9019":{"name":"Mijenjanje podataka o datumu"},"phtb94da1cb":{"name":"Formatiranje teksta kalendara"},"phtc4361d5a":{"name":"Poruke"},"pht6e15caf3":{"name":"Priprema projekta za ispis"},"pht6d60d10f":{"name":"Sigurnosna kopija Foto medijateke"},"pht6be18f93":{"name":"Popravak medijateke"},"pht10107cfa":{"name":"ključna fotografija","categories":["aside"]},"phtc3c7b374":{"name":"SD kartica","categories":["aside"]},"pht6e15dbdb":{"name":"Ispis vlastitih fotografija"},"pht6e593112":{"name":"Prečaci tipkovnice","searchName":"Prečaci tipkovnice u aplikaciji Foto"},"pht6d975c7d":{"name":"Gledanje videozapisa"},"pht98de9846":{"name":"Ken Burns efekt","categories":["aside"]},"pht6c803201":{"name":"S fotoaparata ili mobilnog uređaja"},"pht5188d4d20":{"name":"Simboli za prečace tipkovnice"},"phte3af82548":{"name":"Live Photo","categories":["aside"]},"phta48b41fd8":{"name":"Automatsko poboljšavanje fotografija"},"pht93cb7bc67":{"name":"snažni klik","categories":["aside"]},"pht98de9f27":{"name":"fotografije u RAW formatu","categories":["aside"]},"pht1324a500e":{"name":"Ostale aplikacije i internetske stranice"},"phtdbd88e7a":{"name":"foto albumi i smart albumi","categories":["aside"]},"pht337d0a03":{"name":"Razmještanje fotografija"},"pht64de33e5a":{"name":"Pretraga fotografija prema tekstu ili datumu"},"phtad9d981ab":{"name":"Pronalaženje fotografija osoba"},"phtdfcac5c5":{"name":"Upravljanje pretplatnicima"},"phtc94a1416":{"name":"Dodatni izvori"},"pht7a4c765b":{"name":"Pregled"},"pht12e7a8015":{"name":"Gdje se nalaze moje importirane datoteke?"},"phtda5be08b":{"name":"ključna riječ","categories":["aside"]},"pht1d4c62349":{"name":"AirDrop"},"phtab5e66ba":{"name":"Formatiranje teksta razglednice"},"phtc3c7c06e":{"name":"formati slikovnih datoteka","categories":["aside"]}},"copyright_text":"Autorsko pravo © 2016 Apple Inc. Sva prava pridržana."}