{"css":"","framework":"duck-10.1.0","title":"Bilder Hjälp","build_id":"5794f24f680ce2b30e4fe411","quick_links":[],"icon":"..\/SharedGlobalArt\/AppIconDefault_Photos.png","sections":{"pht5302d0f6":{"name":"Arbeta med Bilder","children":["pht5156cc968","pht6d60881e","pht8a576439"]},"pht3e99bb42d":{"name":"Gester och kortkommandon","children":["pht2951dfb9","pht6e593112","pht5188d4d20"]},"pht6d6040d1":{"name":"Visa och ordna bilder","children":["pht56eafa987","pht40b0be510","phtb66b3c010","phta4e5a733f","apd679d1dae29e04","pht6d606e4c","pht6d975c7d","pht3bfab2f96"]},"apd679d1dae29e04":{"name":"Hitta bilder","children":["pht64de33e5a","pht8d0ad5198","phtad9d981ab","pht4c00b8ddc"]},"pht6c803a97":{"name":"Importera bilder och videor","children":["phta58cd90d3","apd170d821c07204","pht6c803201","phtae4e05c67","pht6c804da9","pht12e7a8015"]},"pht8a3f9b05d":{"name":"Titta på minnen","children":["pht4a5343882","pht96259d626","pht6ce918c46"]},"pht6d60881e":{"name":"Hantera Bilder-biblioteket","children":["pht211de786","pht6d60b524","pht6d60d10f","pht6d60348f","pht6be18f93","pht1ed9b966d"]},"pht50acf4c2":{"name":"iCloud bilddelning","children":["pht7a4c765b","pht013f36be9","phtf7fe6394","pht5f6df5f0","phtdfcac5c5","pht884a8908"]},"pht7c4f353b":{"name":"Skapa kort","children":["pht6e157ba6","pht337d15be","pht6e15aa61","phtab5e66ba","phtab5e72eb"]},"phtaec3da2a9":{"name":"Skapa och beställa trycksaker","children":["phtae8c6530","pht6e15dbdb"]},"phtae8c6530":{"name":"Beställa papperskopior av bilder och projekt","children":["pht211dd6d0","pht6e15ea68","pht6e15caf3","pht6e15b35b"]},"pht6d606e4c":{"name":"Ordna bilder i album","children":["phtf677b8f5","pht6d60a1f1","pht6d60ca71","pht211de0d6"]},"apd170d821c07204":{"name":"Från iCloud","children":["phtf5e48489c","phtc0bf4b9bb"]},"pht6dc708cc":{"name":"Förbättra dina bilder","children":["pht304c2ace6","phta48b41fd8","phtba22db5d6","pht13f0918f0","phte0af949f0","phtc497e8549","pht5c38b77c5","phte0ee9e101","phteb52f43ce","pht427071907"]},"pht6e41d50b":{"name":"Dela dina bilder och video","children":["pht50acf4c2","phtc4361d5a","pht6e4207c4","pht6e41eaff","pht1d4c62349","pht6d97570c","pht1324a500e","pht6e157c5f"]},"pht6e15d3aa":{"name":"Skapa projekt","children":["phtae8c6d40","phtae8c6467","phtb94da2f9","pht7c4f353b"]},"phtae8c6467":{"name":"Skapa böcker","children":["pht6e159147","pht337d0a03","pht337d0fd8","pht6e15c151","phtab5e6905","pht245fde94","phtab5e682b"]},"phtb94da2f9":{"name":"Skapa kalendrar","children":["phtb94d7e13","phtb94d7d07","phtb94d9674","phtb94d9019","phtb94da1cb","phtb94d945b"]},"phtc497e8549":{"name":"Justera utseendet på bilder","children":["phtc9d389ecc","phtfd442cdbb","pht335dba352"]}},"birdseed_version":5,"toc":["pht035bc2c35","pht6c803a97","pht6d6040d1","pht8a3f9b05d","pht6dc708cc","pht6e41d50b","pht6e15d3aa","phtaec3da2a9","pht5302d0f6","pht3e99bb42d"],"locale":"sv","version":"1.2","source_schema":"apd-schema","enable_tracking":false,"platform":"mac","build_date":"2016.07.24-10:06:04","landing":"pht54710c4e","product":"photos","urls":{},"copyright":"","show_previous_next":false,"topics":{"phtb94d945b":{"name":"Radera en kalender"},"pht6e157ba6":{"name":"Skapa ett kort"},"pht40b0be510":{"name":"Markera och avmarkera bilder"},"phta58cd90d3":{"name":"Översikt"},"phtb66b3c010":{"name":"Ändra hur bilder visas"},"pht245fde94":{"name":"Skapa kartor i en bok"},"pht6d60b524":{"name":"Använda flera bibliotek"},"pht5706dfc6":{"name":"iCloud","categories":["aside"]},"pht6d60ca71":{"name":"Skapa smarta album"},"pht8a576439":{"name":"Hämta Bilder-uppdateringar"},"pht9bb241b3":{"name":"markera bilder","categories":["aside"]},"pht96259d626":{"name":"Visa minnen"},"pht5f6df5f0":{"name":"Ändra ett delat album"},"phtf677b8f5":{"name":"Vad är album?"},"pht6e15aa61":{"name":"Lägga till och ta bort bilder"},"pht304c2ace6":{"name":"Redigeringsgrunder"},"pht211de0d6":{"name":"Skapa mappar"},"pht427071907":{"name":"Redigera med tillägg"},"pht6d60348f":{"name":"Återskapa från Time Machine"},"phtf5e48489c":{"name":"Från iCloud-bildbibliotek"},"phtc0bf4b9bb":{"name":"Från Min bildström"},"phtfd442cdbb":{"name":"Göra avancerade justeringar"},"pht6e15b35b":{"name":"Beställa en bok, ett kort eller en kalender"},"phte0ee9e101":{"name":"Ta bort röda ögon"},"pht6e15c151":{"name":"Arbeta med sidor"},"pht98de9564":{"name":"mata ut","categories":["aside"]},"phtc3c7c148":{"name":"siduppslag","categories":["aside"]},"pht211de786":{"name":"Översikt"},"pht101081c3":{"name":"miniatyr","categories":["aside"]},"pht9b4411b24":{"name":"Kortkommandon och gester","href":"pht9b4411b24.html","searchName":"Kortkommandon i Bilder"},"pht10107b78":{"name":"proportion","categories":["aside"]},"phtab5e682b":{"name":"Radera en bok"},"pht6d60a1f1":{"name":"Skapa album"},"pht884a8908":{"name":"Prenumerera på album"},"phtab5e72eb":{"name":"Radera ett kort"},"pht013f36be9":{"name":"Slå på eller stänga av iCloud-bilddelning"},"pht211dd6d0":{"name":"Översikt"},"phtb94d7d07":{"name":"Ordna bilder"},"pht6e159147":{"name":"Skapa en fotobok"},"pht335dba352":{"name":"Anpassa justeringspanelen"},"pht6ce918c46":{"name":"Dela minnen"},"phtba22db5d6":{"name":"Rotera bilder"},"pht6e41eaff":{"name":"Facebook, Flickr och Twitter"},"phtf7fe6394":{"name":"Skapa ett delat album"},"pht035bc2c35":{"name":"Bilder i översikt"},"pht4a5343882":{"name":"Skapa minnen"},"pht337d15be":{"name":"Ordna bilder"},"pht8d0ad5198":{"name":"Hitta bilder med nyckelord"},"pht2951dfb9":{"name":"Styrplattegester"},"phtb711c0fd":{"name":"Apple-ID","categories":["aside"]},"pht5156cc968":{"name":"Ställa in Bilder","searchName":"Inställningar i Bilder"},"phta4e5a733f":{"name":"Visa och lägga till bildinformation"},"pht337d0fd8":{"name":"Lägga till och ta bort bilder"},"pht54710c4e":{"name":"Bilder Hjälp","href":"pht54710c4e.html","categories":["landing"]},"pht6e15ea68":{"name":"Beställa trycksaker"},"phtb94d7e13":{"name":"Skapa en kalender"},"phtae4e05c67":{"name":"Från lagringsmedier"},"phtab5e6905":{"name":"Formatera boktext"},"phteb52f43ce":{"name":"Märka en bild"},"pht6e157c5f":{"name":"Exportera bilder, videor och bildspel"},"pht1ed9b966d":{"name":"Ändra var Bilder lagrar dina filer"},"pht6d97570c":{"name":"iTunes"},"pht4c00b8ddc":{"name":"Visa bilder efter plats"},"pht6dc73ede":{"name":"icke-destruktiv redigering","categories":["aside"]},"pht3bfab2f96":{"name":"Radera bilder eller videor"},"pht56eafa987":{"name":"Visa bilder"},"pht6c804da9":{"name":"Från andra program"},"pht13f0918f0":{"name":"Beskära och räta upp bilder"},"phte0af949f0":{"name":"Använda filter på bilder"},"phtc9d389ecc":{"name":"Justera en bild"},"pht5c38b77c5":{"name":"Retuschera bilder"},"pht6e4207c4":{"name":"Mail"},"phtae8c6d40":{"name":"Skapa bildspel"},"phtb94d9674":{"name":"Lägga till eller ta bort bilder"},"phtb94d9019":{"name":"Ändra datuminformation"},"phtb94da1cb":{"name":"Formatera kalendertext"},"phtc4361d5a":{"name":"Meddelanden"},"pht6e15caf3":{"name":"Förbereda ett projekt för beställning"},"pht6d60d10f":{"name":"Säkerhetskopiera Bilder-biblioteket"},"pht6be18f93":{"name":"Reparera biblioteket"},"pht10107cfa":{"name":"nyckelbild","categories":["aside"]},"phtc3c7b374":{"name":"SD-kort","categories":["aside"]},"pht6e15dbdb":{"name":"Skriva ut dina egna bilder"},"pht6e593112":{"name":"Kortkommandon","searchName":"Kortkommandon i Bilder"},"pht6d975c7d":{"name":"Titta på video"},"pht98de9846":{"name":"Ken Burns-effekt","categories":["aside"]},"pht6c803201":{"name":"Från en kamera eller mobil enhet"},"pht5188d4d20":{"name":"Kortkommando­symboler"},"phte3af82548":{"name":"Live Photo","categories":["aside"]},"phta48b41fd8":{"name":"Förbättra bilder automatiskt"},"pht93cb7bc67":{"name":"klicka hårt","categories":["aside"]},"pht98de9f27":{"name":"Bilder i RAW-format","categories":["aside"]},"pht1324a500e":{"name":"Andra program och webbplatser"},"phtdbd88e7a":{"name":"fotoalbum och smarta album","categories":["aside"]},"pht337d0a03":{"name":"Ordna bilder"},"pht64de33e5a":{"name":"Hitta bilder med text eller datum"},"phtad9d981ab":{"name":"Hitta bilder på personer"},"phtdfcac5c5":{"name":"Hantera prenumeranter"},"phtc94a1416":{"name":"Fler resurser"},"pht7a4c765b":{"name":"Översikt"},"pht12e7a8015":{"name":"Var finns mina importerade filer?"},"phtda5be08b":{"name":"nyckelord","categories":["aside"]},"pht1d4c62349":{"name":"AirDrop"},"phtab5e66ba":{"name":"Formatera korttext"},"phtc3c7c06e":{"name":"bildfilformat","categories":["aside"]}},"copyright_text":"Copyright © 2016 Apple Inc. Alla rättigheter förbehålls."}