{"css":"","framework":"duck-10.1.0","title":"Fotos-Hilfe","build_id":"5791b32d094622a65e5e7312","quick_links":[],"icon":"..\/SharedGlobalArt\/AppIconDefault_Photos.png","sections":{"pht5302d0f6":{"name":"Arbeiten mit Fotos","children":["pht5156cc968","pht6d60881e","pht8a576439"]},"pht3e99bb42d":{"name":"Gesten und Tastaturkurzbefehle","children":["pht2951dfb9","pht6e593112","pht5188d4d20"]},"pht6d6040d1":{"name":"Anzeigen und Organisieren Ihrer Fotos","children":["pht56eafa987","pht40b0be510","phtb66b3c010","phta4e5a733f","apd679d1dae29e04","pht6d606e4c","pht6d975c7d","pht3bfab2f96"]},"apd679d1dae29e04":{"name":"Suchen von Fotos","children":["pht64de33e5a","pht8d0ad5198","phtad9d981ab","pht4c00b8ddc"]},"pht6c803a97":{"name":"Importieren von Fotos und Videos","children":["phta58cd90d3","apd170d821c07204","pht6c803201","phtae4e05c67","pht6c804da9","pht12e7a8015"]},"pht8a3f9b05d":{"name":"Genießen von Andenken","children":["pht4a5343882","pht96259d626","pht6ce918c46"]},"pht6d60881e":{"name":"Verwalten Ihrer Fotomediathek","children":["pht211de786","pht6d60b524","pht6d60d10f","pht6d60348f","pht6be18f93","pht1ed9b966d"]},"pht50acf4c2":{"name":"iCloud-Fotofreigabe","children":["pht7a4c765b","pht013f36be9","phtf7fe6394","pht5f6df5f0","phtdfcac5c5","pht884a8908"]},"pht7c4f353b":{"name":"Erstellen von Karten","children":["pht6e157ba6","pht337d15be","pht6e15aa61","phtab5e66ba","phtab5e72eb"]},"phtaec3da2a9":{"name":"Erstellen und Bestellen von Abzügen","children":["phtae8c6530","pht6e15dbdb"]},"phtae8c6530":{"name":"Bestellen gedruckter Fotos und Projekte","children":["pht211dd6d0","pht6e15ea68","pht6e15caf3","pht6e15b35b"]},"pht6d606e4c":{"name":"Organisieren von Fotos in Alben","children":["phtf677b8f5","pht6d60a1f1","pht6d60ca71","pht211de0d6"]},"apd170d821c07204":{"name":"Aus iCloud","children":["phtf5e48489c","phtc0bf4b9bb"]},"pht6dc708cc":{"name":"Verbessern von Fotos","children":["pht304c2ace6","phta48b41fd8","phtba22db5d6","pht13f0918f0","phte0af949f0","phtc497e8549","pht5c38b77c5","phte0ee9e101","phteb52f43ce","pht427071907"]},"pht6e41d50b":{"name":"Freigeben von Fotos und Videos","children":["pht50acf4c2","phtc4361d5a","pht6e4207c4","pht6e41eaff","pht1d4c62349","pht6d97570c","pht1324a500e","pht6e157c5f"]},"pht6e15d3aa":{"name":"Erstellen von Projekten","children":["phtae8c6d40","phtae8c6467","phtb94da2f9","pht7c4f353b"]},"phtae8c6467":{"name":"Erstellen von Büchern","children":["pht6e159147","pht337d0a03","pht337d0fd8","pht6e15c151","phtab5e6905","pht245fde94","phtab5e682b"]},"phtb94da2f9":{"name":"Erstellen von Kalendern","children":["phtb94d7e13","phtb94d7d07","phtb94d9674","phtb94d9019","phtb94da1cb","phtb94d945b"]},"phtc497e8549":{"name":"Anpassen des Erscheinungsbilds von Fotos","children":["phtc9d389ecc","phtfd442cdbb","pht335dba352"]}},"birdseed_version":5,"toc":["pht035bc2c35","pht6c803a97","pht6d6040d1","pht8a3f9b05d","pht6dc708cc","pht6e41d50b","pht6e15d3aa","phtaec3da2a9","pht5302d0f6","pht3e99bb42d"],"locale":"de","version":"1.2","source_schema":"apd-schema","enable_tracking":false,"platform":"mac","build_date":"2016.07.22-03:16:35","landing":"pht54710c4e","product":"photos","urls":{},"copyright":"","show_previous_next":false,"topics":{"phtb94d945b":{"name":"Löschen eines Kalenders"},"pht6e157ba6":{"name":"Grußkarte erstellen"},"pht40b0be510":{"name":"Auswählen und Aufheben der Auswahl von Fotos"},"phta58cd90d3":{"name":"Übersicht"},"phtb66b3c010":{"name":"Ändern der Fotodarstellung"},"pht245fde94":{"name":"Erstellen von Karten in einem Buch"},"pht6d60b524":{"name":"Verwenden mehrerer Mediatheken"},"pht5706dfc6":{"name":"iCloud","categories":["aside"]},"pht6d60ca71":{"name":"Erstellen von intelligenten Alben"},"pht8a576439":{"name":"Aktualisieren von Fotos"},"pht9bb241b3":{"name":"Auswählen von Fotos","categories":["aside"]},"pht96259d626":{"name":"Anzeigen von Andenken"},"pht5f6df5f0":{"name":"Ändern eines geteilten Albums"},"phtf677b8f5":{"name":"Alben"},"pht6e15aa61":{"name":"Hinzufügen und Entfernen von Fotos"},"pht304c2ace6":{"name":"Grundlagen der Bearbeitung"},"pht211de0d6":{"name":"Erstellen von Ordnern"},"pht427071907":{"name":"Verwendung von Erweiterungen bearbeiten"},"pht6d60348f":{"name":"Wiederherstellen mit Time Machine"},"phtf5e48489c":{"name":"Aus der iCloud-Fotomediathek"},"phtc0bf4b9bb":{"name":"Aus „Mein Fotostream“"},"phtfd442cdbb":{"name":"Vornehmen professionellen Anpassungen"},"pht6e15b35b":{"name":"Bestellen eines Buchs, einer Karte oder eines Kalenders"},"phte0ee9e101":{"name":"Entfernen des Rote-Augen-Effekts"},"pht6e15c151":{"name":"Arbeiten mit Seiten"},"pht98de9564":{"name":"Auswerfen","categories":["aside"]},"phtc3c7c148":{"name":"Aufgeschlagene Buchseiten","categories":["aside"]},"pht211de786":{"name":"Übersicht"},"pht101081c3":{"name":"Miniatur","categories":["aside"]},"pht9b4411b24":{"name":"Tastaturkurzbefehle und Gesten","href":"pht9b4411b24.html","searchName":"Tastaturkurzbefehle in Fotos"},"pht10107b78":{"name":"Seitenverhältnis","categories":["aside"]},"phtab5e682b":{"name":"Löschen eines Buchs"},"pht6d60a1f1":{"name":"Erstellen von Alben"},"pht884a8908":{"name":"Abonnieren von Alben"},"phtab5e72eb":{"name":"Löschen einer Grußkarte"},"pht013f36be9":{"name":"iCloud-Fotofreigabe aktivieren oder deaktivieren"},"pht211dd6d0":{"name":"Übersicht"},"phtb94d7d07":{"name":"Anordnen von Fotos"},"pht6e159147":{"name":"Erstellen eines Fotobuchs"},"pht335dba352":{"name":"Einstellen des Bereichs „Anpassungen“"},"pht6ce918c46":{"name":"Teilen von Andenken"},"phtba22db5d6":{"name":"Rotieren von Fotos"},"pht6e41eaff":{"name":"Facebook, Flickr und Twitter"},"phtf7fe6394":{"name":"Erstellen eines geteilten Albums"},"pht035bc2c35":{"name":"Fotos – Übersicht"},"pht4a5343882":{"name":"Erstellen von Andenken"},"pht337d15be":{"name":"Anordnen von Fotos"},"pht8d0ad5198":{"name":"Suchen von Fotos nach Schlagwörtern"},"pht2951dfb9":{"name":"Trackpad-Gesten"},"phtb711c0fd":{"name":"Apple-ID","categories":["aside"]},"pht5156cc968":{"name":"Anpassen der Einstellungen in Fotos","searchName":"Fotos-Einstellungen"},"phta4e5a733f":{"name":"Anzeigen und Hinzufügen von Fotoinformationen"},"pht337d0fd8":{"name":"Hinzufügen und Entfernen von Fotos"},"pht54710c4e":{"name":"Fotos-Hilfe","href":"pht54710c4e.html","categories":["landing"]},"pht6e15ea68":{"name":"Bestellen professioneller Abzüge"},"phtb94d7e13":{"name":"Erstellen eines Kalenders"},"phtae4e05c67":{"name":"Von Speichermedien"},"phtab5e6905":{"name":"Formatieren von Buchtext"},"phteb52f43ce":{"name":"Markieren eines Fotos"},"pht6e157c5f":{"name":"Exportieren von Fotos, Videos und Diashows"},"pht1ed9b966d":{"name":"Ändern des Speicherorts für Ihre Dateien in Fotos"},"pht6d97570c":{"name":"iTunes"},"pht4c00b8ddc":{"name":"Anzeigen von Fotos nach Ort"},"pht6dc73ede":{"name":"Nicht-destruktive Bearbeitung","categories":["aside"]},"pht3bfab2f96":{"name":"Löschen von Fotos und Videos"},"pht56eafa987":{"name":"Anzeigen von Fotos"},"pht6c804da9":{"name":"Aus anderen Apps"},"pht13f0918f0":{"name":"Beschneiden und Begradigen eines Fotos"},"phte0af949f0":{"name":"Anwenden von Filtern auf Fotos"},"phtc9d389ecc":{"name":"Anpassen eines Fotos"},"pht5c38b77c5":{"name":"Retuschieren von Fotos"},"pht6e4207c4":{"name":"Mail"},"phtae8c6d40":{"name":"Erstellen von Diashows"},"phtb94d9674":{"name":"Hinzufügen oder Entfernen von Fotos"},"phtb94d9019":{"name":"Ändern der Datumsinformationen"},"phtb94da1cb":{"name":"Formatieren von Kalendertext"},"phtc4361d5a":{"name":"Nachrichten"},"pht6e15caf3":{"name":"Vorbereiten eines Projekts für den Druck"},"pht6d60d10f":{"name":"Sichern Ihrer Fotomediathek"},"pht6be18f93":{"name":"Reparieren Ihrer Mediathek"},"pht10107cfa":{"name":"Schlüsselfoto","categories":["aside"]},"phtc3c7b374":{"name":"SD-Karte","categories":["aside"]},"pht6e15dbdb":{"name":"Drucken eigener Fotos"},"pht6e593112":{"name":"Tastaturkurzbefehle","searchName":"Tastaturkurzbefehle in Fotos"},"pht6d975c7d":{"name":"Anzeigen von Videos"},"pht98de9846":{"name":"Ken Burns-Effekt","categories":["aside"]},"pht6c803201":{"name":"Von einer Kamera oder einem Mobilgerät"},"pht5188d4d20":{"name":"Kurzbefehlsymbole"},"phte3af82548":{"name":"Live Photo","categories":["aside"]},"phta48b41fd8":{"name":"Automatisches Optimieren von Fotos"},"pht93cb7bc67":{"name":"kräftiger Klick","categories":["aside"]},"pht98de9f27":{"name":"Fotos im RAW-Format","categories":["aside"]},"pht1324a500e":{"name":"Andere Apps und Websites"},"phtdbd88e7a":{"name":"Fotoalben und intelligente Alben","categories":["aside"]},"pht337d0a03":{"name":"Anordnen von Fotos"},"pht64de33e5a":{"name":"Suchen von Fotos nach Text oder Datum"},"phtad9d981ab":{"name":"Suchen von Fotos von Personen"},"phtdfcac5c5":{"name":"Verwalten von Abonnenten"},"phtc94a1416":{"name":"Weitere Ressourcen"},"pht7a4c765b":{"name":"Übersicht"},"pht12e7a8015":{"name":"Wo befinden sich meine importierten Dateien?"},"phtda5be08b":{"name":"Schlagwort","categories":["aside"]},"pht1d4c62349":{"name":"AirDrop"},"phtab5e66ba":{"name":"Formatieren von Text auf einer Grußkarte"},"phtc3c7c06e":{"name":"Bilddateiformate","categories":["aside"]}},"copyright_text":"Copyright © 2016 Apple Inc. Alle Rechte vorbehalten."}