{"css":"","framework":"duck-10.1.0","title":"مساعدة الصور","build_id":"5791b328094622a65e5e72e1","quick_links":[],"icon":"..\/SharedGlobalArt\/AppIconDefault_Photos.png","sections":{"pht5302d0f6":{"name":"العمل على تطبيق الصور","children":["pht5156cc968","pht6d60881e","pht8a576439"]},"pht3e99bb42d":{"name":"الإيماءات واختصارات لوحة المفاتيح","children":["pht2951dfb9","pht6e593112","pht5188d4d20"]},"pht6d6040d1":{"name":"عرض الصور وتنظيمها","children":["pht56eafa987","pht40b0be510","phtb66b3c010","phta4e5a733f","apd679d1dae29e04","pht6d606e4c","pht6d975c7d","pht3bfab2f96"]},"apd679d1dae29e04":{"name":"البحث عن الصور","children":["pht64de33e5a","pht8d0ad5198","phtad9d981ab","pht4c00b8ddc"]},"pht6c803a97":{"name":"استيراد الصور والفيديوهات","children":["phta58cd90d3","apd170d821c07204","pht6c803201","phtae4e05c67","pht6c804da9","pht12e7a8015"]},"pht8a3f9b05d":{"name":"الاستمتاع بالذكريات","children":["pht4a5343882","pht96259d626","pht6ce918c46"]},"pht6d60881e":{"name":"إدارة مكتبة الصور الخاصة بك","children":["pht211de786","pht6d60b524","pht6d60d10f","pht6d60348f","pht6be18f93","pht1ed9b966d"]},"pht50acf4c2":{"name":"مشاركة صور iCloud","children":["pht7a4c765b","pht013f36be9","phtf7fe6394","pht5f6df5f0","phtdfcac5c5","pht884a8908"]},"pht7c4f353b":{"name":"إنشاء البطاقات","children":["pht6e157ba6","pht337d15be","pht6e15aa61","phtab5e66ba","phtab5e72eb"]},"phtaec3da2a9":{"name":"إنشاء إصدارات مطبوعة وطلبها","children":["phtae8c6530","pht6e15dbdb"]},"phtae8c6530":{"name":"طلب المشاريع والصور المطبوعة","children":["pht211dd6d0","pht6e15ea68","pht6e15caf3","pht6e15b35b"]},"pht6d606e4c":{"name":"تنظيم الصور في ألبومات","children":["phtf677b8f5","pht6d60a1f1","pht6d60ca71","pht211de0d6"]},"apd170d821c07204":{"name":"من iCloud","children":["phtf5e48489c","phtc0bf4b9bb"]},"pht6dc708cc":{"name":"تحسين الصور الخاصة بك","children":["pht304c2ace6","phta48b41fd8","phtba22db5d6","pht13f0918f0","phte0af949f0","phtc497e8549","pht5c38b77c5","phte0ee9e101","phteb52f43ce","pht427071907"]},"pht6e41d50b":{"name":"مشاركة الصور والفيديو","children":["pht50acf4c2","phtc4361d5a","pht6e4207c4","pht6e41eaff","pht1d4c62349","pht6d97570c","pht1324a500e","pht6e157c5f"]},"pht6e15d3aa":{"name":"إنشاء المشاريع","children":["phtae8c6d40","phtae8c6467","phtb94da2f9","pht7c4f353b"]},"phtae8c6467":{"name":"إنشاء الكتب","children":["pht6e159147","pht337d0a03","pht337d0fd8","pht6e15c151","phtab5e6905","pht245fde94","phtab5e682b"]},"phtb94da2f9":{"name":"إنشاء التقويمات","children":["phtb94d7e13","phtb94d7d07","phtb94d9674","phtb94d9019","phtb94da1cb","phtb94d945b"]},"phtc497e8549":{"name":"تعديل مظهر الصور","children":["phtc9d389ecc","phtfd442cdbb","pht335dba352"]}},"birdseed_version":5,"toc":["pht035bc2c35","pht6c803a97","pht6d6040d1","pht8a3f9b05d","pht6dc708cc","pht6e41d50b","pht6e15d3aa","phtaec3da2a9","pht5302d0f6","pht3e99bb42d"],"locale":"ar","version":"1.2","source_schema":"apd-schema","enable_tracking":false,"platform":"mac","build_date":"2016.07.22-03:16:52","landing":"pht54710c4e","product":"photos","urls":{},"copyright":"","show_previous_next":false,"topics":{"phtb94d945b":{"name":"حذف تقويم"},"pht6e157ba6":{"name":"إنشاء بطاقة"},"pht40b0be510":{"name":"تحديد الصور وإلغاء تحديدها"},"phta58cd90d3":{"name":"نظرة عامة"},"phtb66b3c010":{"name":"تغيير كيفية عرض الصور"},"pht245fde94":{"name":"إنشاء خرائط في كتاب"},"pht6d60b524":{"name":"استخدام مكتبات متعددة"},"pht5706dfc6":{"name":"iCloud","categories":["aside"]},"pht6d60ca71":{"name":"إنشاء ألبومات ذكية"},"pht8a576439":{"name":"الحصول على تحديثات تطبيق الصور"},"pht9bb241b3":{"name":"تحديد الصور","categories":["aside"]},"pht96259d626":{"name":"عرض الذكريات"},"pht5f6df5f0":{"name":"تغيير ألبوم مشترك"},"phtf677b8f5":{"name":"ما هي الألبومات؟"},"pht6e15aa61":{"name":"إضافة الصور وإزالتها"},"pht304c2ace6":{"name":"أساسيات التحرير"},"pht211de0d6":{"name":"إنشاء مجلدات"},"pht427071907":{"name":"التحرير باستخدام الملحقات"},"pht6d60348f":{"name":"الاستعادة من Time Machine"},"phtf5e48489c":{"name":"من مكتبة صور iCloud"},"phtc0bf4b9bb":{"name":"من تدفق الصور الخاص بي"},"phtfd442cdbb":{"name":"إجراء تعديلات متقدمة"},"pht6e15b35b":{"name":"طلب كتاب أو بطاقة أو تقويم"},"phte0ee9e101":{"name":"إزالة العين الحمراء"},"pht6e15c151":{"name":"العمل على الصفحات"},"pht98de9564":{"name":"إخراج","categories":["aside"]},"phtc3c7c148":{"name":"انتشار الصفحة","categories":["aside"]},"pht211de786":{"name":"نظرة عامة"},"pht101081c3":{"name":"صورة مصغرة","categories":["aside"]},"pht9b4411b24":{"name":"اختصارات لوحة المفاتيح والإيماءات","href":"pht9b4411b24.html","searchName":"اختصارات لوحة المفاتيح في الصور"},"pht10107b78":{"name":"نسبة الحجم","categories":["aside"]},"phtab5e682b":{"name":"حذف كتاب"},"pht6d60a1f1":{"name":"إنشاء ألبومات"},"pht884a8908":{"name":"الاشتراك في الألبومات"},"phtab5e72eb":{"name":"حذف بطاقة"},"pht013f36be9":{"name":"تشغيل مشاركة صور iCloud أو إيقافها"},"pht211dd6d0":{"name":"نظرة عامة"},"phtb94d7d07":{"name":"ترتيب الصور"},"pht6e159147":{"name":"إنشاء كتاب صور"},"pht335dba352":{"name":"تخصيص جزء التعديلات"},"pht6ce918c46":{"name":"مشاركة الذكريات"},"phtba22db5d6":{"name":"تدوير الصور"},"pht6e41eaff":{"name":"استخدام فيسبوك وFlickr وتويتر"},"phtf7fe6394":{"name":"إنشاء ألبوم مشترك"},"pht035bc2c35":{"name":"عرض عام لتطبيق الصور"},"pht4a5343882":{"name":"إنشاء الذكريات"},"pht337d15be":{"name":"ترتيب الصور"},"pht8d0ad5198":{"name":"البحث عن الصور من خلال كلمة أساسية"},"pht2951dfb9":{"name":"إيماءات لوحة التعقب"},"phtb711c0fd":{"name":"Apple ID","categories":["aside"]},"pht5156cc968":{"name":"تعيين تفضيلات الصور","searchName":"تفضيلات الصور"},"phta4e5a733f":{"name":"عرض معلومات الصور وإضافتها"},"pht337d0fd8":{"name":"إضافة الصور وإزالتها"},"pht54710c4e":{"name":"مساعدة الصور","href":"pht54710c4e.html","categories":["landing"]},"pht6e15ea68":{"name":"طلب مطبوعات احترافية"},"phtb94d7e13":{"name":"إنشاء تقويم"},"phtae4e05c67":{"name":"من وسائط تخزين"},"phtab5e6905":{"name":"تنسيق نص الكتاب"},"phteb52f43ce":{"name":"توصيف صورة"},"pht6e157c5f":{"name":"تصدير الصور ومقاطع الفيديو وعروض الشرائح"},"pht1ed9b966d":{"name":"تغيير الموقع الذي يقوم تطبيق الصور بتخزين ملفاتك فيه"},"pht6d97570c":{"name":"iTunes"},"pht4c00b8ddc":{"name":"عرض الصور من خلال الموقع"},"pht6dc73ede":{"name":"تحرير دون إتلاف","categories":["aside"]},"pht3bfab2f96":{"name":"حذف الصور ومقاطع الفيديو"},"pht56eafa987":{"name":"عرض الصور"},"pht6c804da9":{"name":"من تطبيقات أخرى"},"pht13f0918f0":{"name":"اقتصاص الصور أو تسويتها"},"phte0af949f0":{"name":"تطبيق الفلاتر على الصور"},"phtc9d389ecc":{"name":"تعديل صورة"},"pht5c38b77c5":{"name":"تنقيح الصور"},"pht6e4207c4":{"name":"البريد"},"phtae8c6d40":{"name":"نشاء عروض الشرائح"},"phtb94d9674":{"name":"إضافة الصور أو إزالتها"},"phtb94d9019":{"name":"تغيير معلومات التاريخ"},"phtb94da1cb":{"name":"تنسيق نص التقويم"},"phtc4361d5a":{"name":"الرسائل"},"pht6e15caf3":{"name":"تحضير مشروع للطباعة"},"pht6d60d10f":{"name":"نسخ مكتبة الصور احتياطيًا"},"pht6be18f93":{"name":"إصلاح مكتبتك"},"pht10107cfa":{"name":"صورة أساسية","categories":["aside"]},"phtc3c7b374":{"name":"بطاقة SD","categories":["aside"]},"pht6e15dbdb":{"name":"طباعة الصور الخاصة بك"},"pht6e593112":{"name":"اختصارات لوحة المفاتيح","searchName":"اختصارات لوحة المفاتيح في الصور"},"pht6d975c7d":{"name":"عرض الفيديو"},"pht98de9846":{"name":"تأثير Ken Burns","categories":["aside"]},"pht6c803201":{"name":"من كاميرا أو جهاز جوال"},"pht5188d4d20":{"name":"رموز اختصارات لوحة المفاتيح"},"phte3af82548":{"name":"Live Photo","categories":["aside"]},"phta48b41fd8":{"name":"تحسين الصور تلقائيًا"},"pht93cb7bc67":{"name":"النقر بقوة","categories":["aside"]},"pht98de9f27":{"name":"صور بتنسيق RAW","categories":["aside"]},"pht1324a500e":{"name":"التطبيقات ومواقع الويب الأخرى"},"phtdbd88e7a":{"name":"ألبومات الصور والألبومات الذكية","categories":["aside"]},"pht337d0a03":{"name":"ترتيب الصور"},"pht64de33e5a":{"name":"البحث عن الصور من خلال النص أو التاريخ"},"phtad9d981ab":{"name":"العثور على صور الأشخاص"},"phtdfcac5c5":{"name":"إدارة المشتركين"},"phtc94a1416":{"name":"المزيد من الموارد"},"pht7a4c765b":{"name":"نظرة عامة"},"pht12e7a8015":{"name":"أين توجد ملفاتي التي يتم استيرادها؟"},"phtda5be08b":{"name":"كلمة أساسية","categories":["aside"]},"pht1d4c62349":{"name":"AirDrop"},"phtab5e66ba":{"name":"تنسيق نص البطاقة"},"phtc3c7c06e":{"name":"تنسيقات ملفات الصور","categories":["aside"]}},"copyright_text":"‏‎Copyright © 2016 Apple Inc.‎ كافة الحقوق محفوظة."}