{"css":"","framework":"duck-10.1.0","title":"사진 앱 도움말","build_id":"579f9924680ce2bd2c415592","quick_links":[],"icon":"..\/SharedGlobalArt\/AppIconDefault_Photos.png","sections":{"pht5302d0f6":{"name":"사진 앱으로 작업하기","children":["pht5156cc968","pht6d60881e","pht8a576439"]},"pht3e99bb42d":{"name":"동작 및 키보드 단축키","children":["pht2951dfb9","pht6e593112","pht5188d4d20"]},"pht6d6040d1":{"name":"사진 보기 및 구성하기","children":["pht56eafa987","pht40b0be510","phtb66b3c010","phta4e5a733f","apd679d1dae29e04","pht6d606e4c","pht6d975c7d","pht3bfab2f96"]},"apd679d1dae29e04":{"name":"사진 찾기","children":["pht64de33e5a","pht8d0ad5198","phtad9d981ab","pht4c00b8ddc"]},"pht6c803a97":{"name":"사진 및 비디오 가져오기","children":["phta58cd90d3","apd170d821c07204","pht6c803201","phtae4e05c67","pht6c804da9","pht12e7a8015"]},"pht8a3f9b05d":{"name":"추억 감상하기","children":["pht4a5343882","pht96259d626","pht6ce918c46"]},"pht6d60881e":{"name":"사진 보관함 관리하기","children":["pht211de786","pht6d60b524","pht6d60d10f","pht6d60348f","pht6be18f93","pht1ed9b966d"]},"pht50acf4c2":{"name":"iCloud 사진 공유","children":["pht7a4c765b","pht013f36be9","phtf7fe6394","pht5f6df5f0","phtdfcac5c5","pht884a8908"]},"pht7c4f353b":{"name":"카드 생성하기","children":["pht6e157ba6","pht337d15be","pht6e15aa61","phtab5e66ba","phtab5e72eb"]},"phtaec3da2a9":{"name":"프린트 생성 및 주문하기","children":["phtae8c6530","pht6e15dbdb"]},"phtae8c6530":{"name":"프린트한 사진 및 프로젝트 주문하기","children":["pht211dd6d0","pht6e15ea68","pht6e15caf3","pht6e15b35b"]},"pht6d606e4c":{"name":"앨범에서 사진 구성하기","children":["phtf677b8f5","pht6d60a1f1","pht6d60ca71","pht211de0d6"]},"apd170d821c07204":{"name":"iCloud에서","children":["phtf5e48489c","phtc0bf4b9bb"]},"pht6dc708cc":{"name":"사진 향상시키기","children":["pht304c2ace6","phta48b41fd8","phtba22db5d6","pht13f0918f0","phte0af949f0","phtc497e8549","pht5c38b77c5","phte0ee9e101","phteb52f43ce","pht427071907"]},"pht6e41d50b":{"name":"사진 및 비디오 공유하기","children":["pht50acf4c2","phtc4361d5a","pht6e4207c4","pht6e41eaff","pht1d4c62349","pht6d97570c","pht1324a500e","pht6e157c5f"]},"pht6e15d3aa":{"name":"프로젝트 생성하기","children":["phtae8c6d40","phtae8c6467","phtb94da2f9","pht7c4f353b"]},"phtae8c6467":{"name":"책 생성하기","children":["pht6e159147","pht337d0a03","pht337d0fd8","pht6e15c151","phtab5e6905","pht245fde94","phtab5e682b"]},"phtb94da2f9":{"name":"캘린더 생성하기","children":["phtb94d7e13","phtb94d7d07","phtb94d9674","phtb94d9019","phtb94da1cb","phtb94d945b"]},"phtc497e8549":{"name":"사진 보정하기","children":["phtc9d389ecc","phtfd442cdbb","pht335dba352"]}},"birdseed_version":5,"toc":["pht035bc2c35","pht6c803a97","pht6d6040d1","pht8a3f9b05d","pht6dc708cc","pht6e41d50b","pht6e15d3aa","phtaec3da2a9","pht5302d0f6","pht3e99bb42d"],"locale":"ko","version":"1.2","source_schema":"apd-schema","enable_tracking":false,"platform":"mac","build_date":"2016.08.01-12:11:15","landing":"pht54710c4e","product":"photos","urls":{},"copyright":"","show_previous_next":false,"topics":{"phtb94d945b":{"name":"캘린더 삭제하기"},"pht6e157ba6":{"name":"카드 생성하기"},"pht40b0be510":{"name":"사진 선택 및 선택 해제하기"},"phta58cd90d3":{"name":"개요"},"phtb66b3c010":{"name":"사진 보기 방식 변경하기"},"pht245fde94":{"name":"책에서 지도 생성하기"},"pht6d60b524":{"name":"여러 보관함 사용하기"},"pht5706dfc6":{"name":"iCloud","categories":["aside"]},"pht6d60ca71":{"name":"스마트 앨범 생성하기"},"pht8a576439":{"name":"사진 앱 업데이트"},"pht9bb241b3":{"name":"사진 선택하기","categories":["aside"]},"pht96259d626":{"name":"추억 보기"},"pht5f6df5f0":{"name":"공유 앨범 변경하기"},"phtf677b8f5":{"name":"앨범이란 무엇입니까?"},"pht6e15aa61":{"name":"사진 추가 및 제거하기"},"pht304c2ace6":{"name":"편집 기본 기능"},"pht211de0d6":{"name":"폴더 생성하기"},"pht427071907":{"name":"확장 프로그램을 사용하여 편집하기"},"pht6d60348f":{"name":"Time Machine에서 복원하기"},"phtf5e48489c":{"name":"iCloud 사진 보관함에서"},"phtc0bf4b9bb":{"name":"나의 사진 스트림에서"},"phtfd442cdbb":{"name":"고급 조절 사용하기"},"pht6e15b35b":{"name":"책, 카드 또는 캘린더 주문하기"},"phte0ee9e101":{"name":"적목(Red-eye) 제거하기"},"pht6e15c151":{"name":"페이지로 작업하기"},"pht98de9564":{"name":"추출","categories":["aside"]},"phtc3c7c148":{"name":"페이지 스프레드","categories":["aside"]},"pht211de786":{"name":"개요"},"pht101081c3":{"name":"축소판","categories":["aside"]},"pht9b4411b24":{"name":"키보드 단축키 및 동작","href":"pht9b4411b24.html","searchName":"사진 앱의 키보드 단축키"},"pht10107b78":{"name":"크기 비율","categories":["aside"]},"phtab5e682b":{"name":"책 삭제하기"},"pht6d60a1f1":{"name":"앨범 생성하기"},"pht884a8908":{"name":"앨범 구독하기"},"phtab5e72eb":{"name":"카드 삭제하기"},"pht013f36be9":{"name":"iCloud 사진 공유 켜기 또는 끄기"},"pht211dd6d0":{"name":"개요"},"phtb94d7d07":{"name":"사진 배열하기"},"pht6e159147":{"name":"사진첩 생성하기"},"pht335dba352":{"name":"조절 패널 사용자화하기"},"pht6ce918c46":{"name":"추억 공유하기"},"phtba22db5d6":{"name":"사진 회전하기"},"pht6e41eaff":{"name":"Facebook, Flickr, 트위터"},"phtf7fe6394":{"name":"공유 앨범 생성하기"},"pht035bc2c35":{"name":"사진 앱 개요"},"pht4a5343882":{"name":"추억 생성하기"},"pht337d15be":{"name":"사진 배열하기"},"pht8d0ad5198":{"name":"키워드로 사진 찾기"},"pht2951dfb9":{"name":"트랙패드 동작"},"phtb711c0fd":{"name":"Apple ID","categories":["aside"]},"pht5156cc968":{"name":"사진 앱 환경설정 설정하기","searchName":"사진 환경설정"},"phta4e5a733f":{"name":"사진 정보 보기 및 추가하기"},"pht337d0fd8":{"name":"사진 추가 및 제거하기"},"pht54710c4e":{"name":"사진 앱 도움말","href":"pht54710c4e.html","categories":["landing"]},"pht6e15ea68":{"name":"전문적인 프린트 주문하기"},"phtb94d7e13":{"name":"캘린더 생성하기"},"phtae4e05c67":{"name":"저장 미디어에서"},"phtab5e6905":{"name":"책 텍스트 포맷 지정하기"},"phteb52f43ce":{"name":"사진 마크업하기"},"pht6e157c5f":{"name":"사진, 비디오 및 슬라이드쇼 보내기"},"pht1ed9b966d":{"name":"사진 앱에서 파일 저장 위치 변경하기"},"pht6d97570c":{"name":"iTunes"},"pht4c00b8ddc":{"name":"위치로 사진 보기"},"pht6dc73ede":{"name":"비파괴적 편집","categories":["aside"]},"pht3bfab2f96":{"name":"사진 및 비디오 삭제"},"pht56eafa987":{"name":"사진 보기"},"pht6c804da9":{"name":"다른 앱에서"},"pht13f0918f0":{"name":"사진 자르기 및 세밀한 회전하기"},"phte0af949f0":{"name":"사진에 필터 적용하기"},"phtc9d389ecc":{"name":"사진 조절하기"},"pht5c38b77c5":{"name":"사진 잡티 제거하기"},"pht6e4207c4":{"name":"Mail"},"phtae8c6d40":{"name":"슬라이드쇼 생성하기"},"phtb94d9674":{"name":"사진 추가 또는 제거하기"},"phtb94d9019":{"name":"날짜 정보 변경하기"},"phtb94da1cb":{"name":"캘린더 텍스트 포맷 지정하기"},"phtc4361d5a":{"name":"메시지"},"pht6e15caf3":{"name":"프린트할 프로젝트 준비하기"},"pht6d60d10f":{"name":"사진 보관함 백업하기"},"pht6be18f93":{"name":"보관함 복구하기"},"pht10107cfa":{"name":"대표 사진","categories":["aside"]},"phtc3c7b374":{"name":"SD 카드","categories":["aside"]},"pht6e15dbdb":{"name":"자신의 사진 프린트하기"},"pht6e593112":{"name":"키보드 단축키","searchName":"사진 앱의 키보드 단축키"},"pht6d975c7d":{"name":"비디오 보기"},"pht98de9846":{"name":"Ken Burns 효과","categories":["aside"]},"pht6c803201":{"name":"카메라 또는 모바일 기기"},"pht5188d4d20":{"name":"키보드 단축키 기호"},"phte3af82548":{"name":"Live Photo","categories":["aside"]},"phta48b41fd8":{"name":"자동으로 사진 화질 향상시키기"},"pht93cb7bc67":{"name":"세게 클릭","categories":["aside"]},"pht98de9f27":{"name":"RAW 포맷 사진","categories":["aside"]},"pht1324a500e":{"name":"기타 앱 및 웹 사이트"},"phtdbd88e7a":{"name":"사진 앨범 및 스마트 앨범","categories":["aside"]},"pht337d0a03":{"name":"사진 배열하기"},"pht64de33e5a":{"name":"텍스트 또는 날짜로 사진 찾기"},"phtad9d981ab":{"name":"사람 사진 찾기"},"phtdfcac5c5":{"name":"구독자 관리하기"},"phtc94a1416":{"name":"추가 리소스"},"pht7a4c765b":{"name":"개요"},"pht12e7a8015":{"name":"내가 가져온 파일은 어디에 있습니까?"},"phtda5be08b":{"name":"키워드","categories":["aside"]},"pht1d4c62349":{"name":"AirDrop"},"phtab5e66ba":{"name":"카드 텍스트 포맷 지정하기"},"phtc3c7c06e":{"name":"이미지 파일 포맷","categories":["aside"]}},"copyright_text":"Copyright © 2016 Apple Inc. 모든 권리 보유."}