{"css":"","framework":"duck-10.1.0","title":"Fotoğraflar Yardım","build_id":"5791b331094622a65e5e7335","quick_links":[],"icon":"..\/SharedGlobalArt\/AppIconDefault_Photos.png","sections":{"pht5302d0f6":{"name":"Fotoğraflar ile çalışma","children":["pht5156cc968","pht6d60881e","pht8a576439"]},"pht3e99bb42d":{"name":"Hareketler ve klavye kestirmeleri","children":["pht2951dfb9","pht6e593112","pht5188d4d20"]},"pht6d6040d1":{"name":"Fotoğraflarınızı görüntüleme ve düzenleme","children":["pht56eafa987","pht40b0be510","phtb66b3c010","phta4e5a733f","apd679d1dae29e04","pht6d606e4c","pht6d975c7d","pht3bfab2f96"]},"apd679d1dae29e04":{"name":"Fotoğrafları bulma","children":["pht64de33e5a","pht8d0ad5198","phtad9d981ab","pht4c00b8ddc"]},"pht6c803a97":{"name":"Fotoğrafları ve videoları içe aktarma","children":["phta58cd90d3","apd170d821c07204","pht6c803201","phtae4e05c67","pht6c804da9","pht12e7a8015"]},"pht8a3f9b05d":{"name":"Hatıraların keyfini çıkarın","children":["pht4a5343882","pht96259d626","pht6ce918c46"]},"pht6d60881e":{"name":"Fotoğraflar arşivinizi yönetme","children":["pht211de786","pht6d60b524","pht6d60d10f","pht6d60348f","pht6be18f93","pht1ed9b966d"]},"pht50acf4c2":{"name":"iCloud Fotoğraf Paylaşma","children":["pht7a4c765b","pht013f36be9","phtf7fe6394","pht5f6df5f0","phtdfcac5c5","pht884a8908"]},"pht7c4f353b":{"name":"Kart yaratma","children":["pht6e157ba6","pht337d15be","pht6e15aa61","phtab5e66ba","phtab5e72eb"]},"phtaec3da2a9":{"name":"Baskı yaratma ve sipariş etme","children":["phtae8c6530","pht6e15dbdb"]},"phtae8c6530":{"name":"Basılı fotoğraflar ve projeler sipariş etme","children":["pht211dd6d0","pht6e15ea68","pht6e15caf3","pht6e15b35b"]},"pht6d606e4c":{"name":"Fotoğraflar albümlerde düzenleme","children":["phtf677b8f5","pht6d60a1f1","pht6d60ca71","pht211de0d6"]},"apd170d821c07204":{"name":"iCloud'dan","children":["phtf5e48489c","phtc0bf4b9bb"]},"pht6dc708cc":{"name":"Fotoğraflarınızı iyileştirme","children":["pht304c2ace6","phta48b41fd8","phtba22db5d6","pht13f0918f0","phte0af949f0","phtc497e8549","pht5c38b77c5","phte0ee9e101","phteb52f43ce","pht427071907"]},"pht6e41d50b":{"name":"Fotoğraf ve video paylaşımı","children":["pht50acf4c2","phtc4361d5a","pht6e4207c4","pht6e41eaff","pht1d4c62349","pht6d97570c","pht1324a500e","pht6e157c5f"]},"pht6e15d3aa":{"name":"Projeler yaratma","children":["phtae8c6d40","phtae8c6467","phtb94da2f9","pht7c4f353b"]},"phtae8c6467":{"name":"Kitaplar yaratma","children":["pht6e159147","pht337d0a03","pht337d0fd8","pht6e15c151","phtab5e6905","pht245fde94","phtab5e682b"]},"phtb94da2f9":{"name":"Takvim yaratma","children":["phtb94d7e13","phtb94d7d07","phtb94d9674","phtb94d9019","phtb94da1cb","phtb94d945b"]},"phtc497e8549":{"name":"Fotoğrafların görünümünü ayarlama","children":["phtc9d389ecc","phtfd442cdbb","pht335dba352"]}},"birdseed_version":5,"toc":["pht035bc2c35","pht6c803a97","pht6d6040d1","pht8a3f9b05d","pht6dc708cc","pht6e41d50b","pht6e15d3aa","phtaec3da2a9","pht5302d0f6","pht3e99bb42d"],"locale":"tr","version":"1.2","source_schema":"apd-schema","enable_tracking":false,"platform":"mac","build_date":"2016.07.22-03:31:22","landing":"pht54710c4e","product":"photos","urls":{},"copyright":"","show_previous_next":false,"topics":{"phtb94d945b":{"name":"Takvimi silme"},"pht6e157ba6":{"name":"Kart yaratma"},"pht40b0be510":{"name":"Fotoğrafları seçme ve seçimlerini kaldırma"},"phta58cd90d3":{"name":"Genel Bilgiler"},"phtb66b3c010":{"name":"Fotoğrafların nasıl görüntüleneceğini değiştirme"},"pht245fde94":{"name":"Bir kitapta harita yaratma"},"pht6d60b524":{"name":"Birden fazla arşiv kullanma"},"pht5706dfc6":{"name":"iCloud","categories":["aside"]},"pht6d60ca71":{"name":"Akıllı Albümler yaratma"},"pht8a576439":{"name":"Fotoğraflar güncellemelerini alma"},"pht9bb241b3":{"name":"fotoğrafları seçme","categories":["aside"]},"pht96259d626":{"name":"Hatıraları görüntüleme"},"pht5f6df5f0":{"name":"Paylaşılan albümü değiştirme"},"phtf677b8f5":{"name":"Albüm nedir?"},"pht6e15aa61":{"name":"Fotoğrafları ekleme ve silme"},"pht304c2ace6":{"name":"Temel düzenleme bilgileri"},"pht211de0d6":{"name":"Klasör yaratma"},"pht427071907":{"name":"Genişletmeleri kullanarak düzenleme"},"pht6d60348f":{"name":"Time Machine'den geri yükleme"},"phtf5e48489c":{"name":"iCloud Fotoğraf Arşivi'nden"},"phtc0bf4b9bb":{"name":"Fotoğraf Yayınım'dan"},"phtfd442cdbb":{"name":"Gelişmiş ayarlamalar yapma"},"pht6e15b35b":{"name":"Bir kitabı, kartı veya takvimi sipariş etme:"},"phte0ee9e101":{"name":"Kırmızı gözü silme"},"pht6e15c151":{"name":"Sayfalar ile çalışma"},"pht98de9564":{"name":"diski çıkar","categories":["aside"]},"phtc3c7c148":{"name":"karşılıklı sayfa","categories":["aside"]},"pht211de786":{"name":"Genel Bilgiler"},"pht101081c3":{"name":"küçük resim","categories":["aside"]},"pht9b4411b24":{"name":"Klavye kestirmeleri ve hareketler","href":"pht9b4411b24.html","searchName":"Fotoğraflar'da klavye kestirmeleri"},"pht10107b78":{"name":"boyut oranı","categories":["aside"]},"phtab5e682b":{"name":"Kitabı silme"},"pht6d60a1f1":{"name":"Albüm yaratma"},"pht884a8908":{"name":"Albümlere abone olma"},"phtab5e72eb":{"name":"Kartı silme"},"pht013f36be9":{"name":"iCloud Fotoğraf Paylaşımını açma ve kapama"},"pht211dd6d0":{"name":"Genel Bilgiler"},"phtb94d7d07":{"name":"Fotoğrafların düzenini değiştirme"},"pht6e159147":{"name":"Fotoğraf kitabı yaratma"},"pht335dba352":{"name":"Ayarlamalar bölümünü özelleştirme"},"pht6ce918c46":{"name":"Hatıralar yaratma"},"phtba22db5d6":{"name":"Fotoğrafları döndürme"},"pht6e41eaff":{"name":"Facebook, Flickr ve Twitter"},"phtf7fe6394":{"name":"Paylaşılan albüm yaratma"},"pht035bc2c35":{"name":"Fotoğraflar hakkında genel bilgiler"},"pht4a5343882":{"name":"Hatıralar yaratma"},"pht337d15be":{"name":"Fotoğrafların düzenini değiştirme"},"pht8d0ad5198":{"name":"Fotoğrafları anahtar sözcüğe göre bulma"},"pht2951dfb9":{"name":"İzleme dörtgeni hareketleri"},"phtb711c0fd":{"name":"Apple Kimliği","categories":["aside"]},"pht5156cc968":{"name":"Fotoğraflar tercihlerini ayarlama","searchName":"Fotoğraf tercihleri"},"phta4e5a733f":{"name":"Fotoğraf bilgilerini görüntüleme ve ekleme"},"pht337d0fd8":{"name":"Fotoğrafları ekleme ve silme"},"pht54710c4e":{"name":"Fotoğraflar Yardım","href":"pht54710c4e.html","categories":["landing"]},"pht6e15ea68":{"name":"Profesyonel baskılar sipariş etme"},"phtb94d7e13":{"name":"Takvim yaratma"},"phtae4e05c67":{"name":"Depolama ortamından"},"phtab5e6905":{"name":"Kitap metnini biçimleme"},"phteb52f43ce":{"name":"Bir fotoğrafı işaretleme"},"pht6e157c5f":{"name":"Fotoğrafları, videoları ve slayt sunularını dışa aktarma"},"pht1ed9b966d":{"name":"Dosyalarınızın Fotoğraflar'da saklandığı yeri değiştirme"},"pht6d97570c":{"name":"iTunes"},"pht4c00b8ddc":{"name":"Fotoğrafları konuma göre görüntüleme"},"pht6dc73ede":{"name":"bozmadan düzenleme","categories":["aside"]},"pht3bfab2f96":{"name":"Fotoğrafları ve videoları silme"},"pht56eafa987":{"name":"Fotoğraflarınızı görüntüleme"},"pht6c804da9":{"name":"Diğer uygulamalardan"},"pht13f0918f0":{"name":"Fotoğrafları kırpma ve düzleştirme"},"phte0af949f0":{"name":"Fotoğraflara filtre uygulama"},"phtc9d389ecc":{"name":"Bir fotoğrafı ayarlama"},"pht5c38b77c5":{"name":"Fotoğraflara rötuş yapma"},"pht6e4207c4":{"name":"E-posta"},"phtae8c6d40":{"name":"Slayt sunuları yaratma"},"phtb94d9674":{"name":"Fotoğrafları ekleme veya silme"},"phtb94d9019":{"name":"Tarih bilgilerini değiştirme"},"phtb94da1cb":{"name":"Takvim metnini biçimleme"},"phtc4361d5a":{"name":"Mesajlar"},"pht6e15caf3":{"name":"Baskı için proje hazırlama"},"pht6d60d10f":{"name":"Fotoğraflar arşivinizi yedekleme"},"pht6be18f93":{"name":"Arşivinizi onarma"},"pht10107cfa":{"name":"anahtar fotoğraf","categories":["aside"]},"phtc3c7b374":{"name":"SD kart","categories":["aside"]},"pht6e15dbdb":{"name":"Kendi fotoğraflarınızı yazdırma"},"pht6e593112":{"name":"Klavye kestirmeleri","searchName":"Fotoğraflar'da klavye kestirmeleri"},"pht6d975c7d":{"name":"Video görüntüleme"},"pht98de9846":{"name":"Ken Burns efekti","categories":["aside"]},"pht6c803201":{"name":"Bir kameradan veya mobil aygıttan"},"pht5188d4d20":{"name":"Klavye kestirmesi sembolleri"},"phte3af82548":{"name":"Canlı Fotoğraf","categories":["aside"]},"phta48b41fd8":{"name":"Fotoğrafları otomatik olarak iyileştirme"},"pht93cb7bc67":{"name":"tıklamaya zorlama","categories":["aside"]},"pht98de9f27":{"name":"RAW biçimindeki fotoğraflar","categories":["aside"]},"pht1324a500e":{"name":"Diğer uygulamalar ve web siteleri"},"phtdbd88e7a":{"name":"fotoğraf albümleri ve Akıllı Albümler","categories":["aside"]},"pht337d0a03":{"name":"Fotoğrafların düzenini değiştirme"},"pht64de33e5a":{"name":"Fotoğrafları metne veya tarihe göre bulma"},"phtad9d981ab":{"name":"Kişilerin fotoğraflarını bulma"},"phtdfcac5c5":{"name":"Aboneleri yönetme"},"phtc94a1416":{"name":"Daha fazla kaynak"},"pht7a4c765b":{"name":"Genel Bilgiler"},"pht12e7a8015":{"name":"İçe aktarılan dosyalarım nerede?"},"phtda5be08b":{"name":"anahtar sözcük","categories":["aside"]},"pht1d4c62349":{"name":"AirDrop"},"phtab5e66ba":{"name":"Kart metnini biçimleme"},"phtc3c7c06e":{"name":"görüntü dosyası biçimleri","categories":["aside"]}},"copyright_text":"Copyright © 2016 Apple Inc. Tüm hakları saklıdır."}