{"css":"","framework":"duck-10.1.0","title":"Nápověda pro Fotografie","build_id":"5791b327094622a65e5e72da","quick_links":[],"icon":"..\/SharedGlobalArt\/AppIconDefault_Photos.png","sections":{"pht5302d0f6":{"name":"Práce s aplikací Fotky","children":["pht5156cc968","pht6d60881e","pht8a576439"]},"pht3e99bb42d":{"name":"Gesta a klávesové zkratky","children":["pht2951dfb9","pht6e593112","pht5188d4d20"]},"pht6d6040d1":{"name":"Prohlížení a uspořádání fotografií","children":["pht56eafa987","pht40b0be510","phtb66b3c010","phta4e5a733f","apd679d1dae29e04","pht6d606e4c","pht6d975c7d","pht3bfab2f96"]},"apd679d1dae29e04":{"name":"Hledání fotografií","children":["pht64de33e5a","pht8d0ad5198","phtad9d981ab","pht4c00b8ddc"]},"pht6c803a97":{"name":"Import fotografií a videí","children":["phta58cd90d3","apd170d821c07204","pht6c803201","phtae4e05c67","pht6c804da9","pht12e7a8015"]},"pht8a3f9b05d":{"name":"Vzpomínky","children":["pht4a5343882","pht96259d626","pht6ce918c46"]},"pht6d60881e":{"name":"Správa knihovny Fotky","children":["pht211de786","pht6d60b524","pht6d60d10f","pht6d60348f","pht6be18f93","pht1ed9b966d"]},"pht50acf4c2":{"name":"Sdílení fotografií na iCloudu","children":["pht7a4c765b","pht013f36be9","phtf7fe6394","pht5f6df5f0","phtdfcac5c5","pht884a8908"]},"pht7c4f353b":{"name":"Vytváření přání","children":["pht6e157ba6","pht337d15be","pht6e15aa61","phtab5e66ba","phtab5e72eb"]},"phtaec3da2a9":{"name":"Vytváření a objednávání výtisků","children":["phtae8c6530","pht6e15dbdb"]},"phtae8c6530":{"name":"Objednávání tištěných fotografií a projektů","children":["pht211dd6d0","pht6e15ea68","pht6e15caf3","pht6e15b35b"]},"pht6d606e4c":{"name":"Uspořádání fotografií v albech","children":["phtf677b8f5","pht6d60a1f1","pht6d60ca71","pht211de0d6"]},"apd170d821c07204":{"name":"Z iCloudu","children":["phtf5e48489c","phtc0bf4b9bb"]},"pht6dc708cc":{"name":"Vylepšení fotografií","children":["pht304c2ace6","phta48b41fd8","phtba22db5d6","pht13f0918f0","phte0af949f0","phtc497e8549","pht5c38b77c5","phte0ee9e101","phteb52f43ce","pht427071907"]},"pht6e41d50b":{"name":"Sdílení fotografií a videí","children":["pht50acf4c2","phtc4361d5a","pht6e4207c4","pht6e41eaff","pht1d4c62349","pht6d97570c","pht1324a500e","pht6e157c5f"]},"pht6e15d3aa":{"name":"Vytváření projektů","children":["phtae8c6d40","phtae8c6467","phtb94da2f9","pht7c4f353b"]},"phtae8c6467":{"name":"Vytváření knih","children":["pht6e159147","pht337d0a03","pht337d0fd8","pht6e15c151","phtab5e6905","pht245fde94","phtab5e682b"]},"phtb94da2f9":{"name":"Vytváření kalendářů","children":["phtb94d7e13","phtb94d7d07","phtb94d9674","phtb94d9019","phtb94da1cb","phtb94d945b"]},"phtc497e8549":{"name":"Úprava vzhledu fotografií","children":["phtc9d389ecc","phtfd442cdbb","pht335dba352"]}},"birdseed_version":5,"toc":["pht035bc2c35","pht6c803a97","pht6d6040d1","pht8a3f9b05d","pht6dc708cc","pht6e41d50b","pht6e15d3aa","phtaec3da2a9","pht5302d0f6","pht3e99bb42d"],"locale":"cs","version":"1.2","source_schema":"apd-schema","enable_tracking":false,"platform":"mac","build_date":"2016.07.22-03:08:04","landing":"pht54710c4e","product":"photos","urls":{},"copyright":"","show_previous_next":false,"topics":{"phtb94d945b":{"name":"Smazání kalendáře"},"pht6e157ba6":{"name":"Vytvoření přání"},"pht40b0be510":{"name":"Výběr nebo zrušení výběru fotografií"},"phta58cd90d3":{"name":"Přehled"},"phtb66b3c010":{"name":"Změna způsobu zobrazení fotografií"},"pht245fde94":{"name":"Vytváření map v knize"},"pht6d60b524":{"name":"Použití více knihoven"},"pht5706dfc6":{"name":"iCloud","categories":["aside"]},"pht6d60ca71":{"name":"Vytváření dynamických alb"},"pht8a576439":{"name":"Získání aktualizací pro Fotky"},"pht9bb241b3":{"name":"Výběr fotografií","categories":["aside"]},"pht96259d626":{"name":"Prohlížení vzpomínek"},"pht5f6df5f0":{"name":"Změna sdíleného alba"},"phtf677b8f5":{"name":"Co jsou alba?"},"pht6e15aa61":{"name":"Přidávání a odstraňování fotografií"},"pht304c2ace6":{"name":"Základní úpravy"},"pht211de0d6":{"name":"Vytváření složek"},"pht427071907":{"name":"Úpravy s použitím rozšíření"},"pht6d60348f":{"name":"Obnovení z Time Machine"},"phtf5e48489c":{"name":"Z knihovny fotografií na iCloudu"},"phtc0bf4b9bb":{"name":"Z Mého fotostreamu"},"phtfd442cdbb":{"name":"Pokročilé úpravy"},"pht6e15b35b":{"name":"Objednávka alba, přání nebo kalendáře"},"phte0ee9e101":{"name":"Odstranění efektu červených očí"},"pht6e15c151":{"name":"Práce se stránkami"},"pht98de9564":{"name":"Vysunout","categories":["aside"]},"phtc3c7c148":{"name":"Dvojstránka","categories":["aside"]},"pht211de786":{"name":"Přehled"},"pht101081c3":{"name":"Náhled","categories":["aside"]},"pht9b4411b24":{"name":"Klávesové zkratky a gesta","href":"pht9b4411b24.html","searchName":"Klávesové zkratky v aplikaci Fotky"},"pht10107b78":{"name":"Poměr velikosti","categories":["aside"]},"phtab5e682b":{"name":"Smazání alba"},"pht6d60a1f1":{"name":"Vytváření alb"},"pht884a8908":{"name":"Odběr alb"},"phtab5e72eb":{"name":"Smazání přání"},"pht013f36be9":{"name":"Zapnutí nebo vypnutí funkce Sdílení fotografií na iCloudu"},"pht211dd6d0":{"name":"Přehled"},"phtb94d7d07":{"name":"Uspořádání fotografií"},"pht6e159147":{"name":"Vytvoření knihy fotografií"},"pht335dba352":{"name":"Přizpůsobení panelu Úpravy"},"pht6ce918c46":{"name":"Sdílení vzpomínek"},"phtba22db5d6":{"name":"Otáčení fotografií"},"pht6e41eaff":{"name":"Facebooku, Flickr a Twitter"},"phtf7fe6394":{"name":"Vytvoření sdíleného alba"},"pht035bc2c35":{"name":"Přehled aplikace Fotky"},"pht4a5343882":{"name":"Vytváření vzpomínek"},"pht337d15be":{"name":"Uspořádání fotografií"},"pht8d0ad5198":{"name":"Hledání fotografií podle klíčových slov"},"pht2951dfb9":{"name":"Gesta na trackpadu"},"phtb711c0fd":{"name":"Apple ID","categories":["aside"]},"pht5156cc968":{"name":"Nastavení předvoleb pro Fotky","searchName":"Předvolby pro Fotky"},"phta4e5a733f":{"name":"Zobrazení a přidání informací o fotografii"},"pht337d0fd8":{"name":"Přidávání a odstraňování fotografií"},"pht54710c4e":{"name":"Nápověda pro Fotky","href":"pht54710c4e.html","categories":["landing"]},"pht6e15ea68":{"name":"Objednávání profesionálních výtisků"},"phtb94d7e13":{"name":"Vytvoření kalendáře"},"phtae4e05c67":{"name":"Z paměťového média"},"phtab5e6905":{"name":"Formátování textu stránky"},"phteb52f43ce":{"name":"Připojení anotací k fotografii"},"pht6e157c5f":{"name":"Export fotografií, videí a prezentací"},"pht1ed9b966d":{"name":"Změna místa, kam aplikace Fotografie ukládá vaše soubory"},"pht6d97570c":{"name":"iTunes"},"pht4c00b8ddc":{"name":"Zobrazení fotografií podle míst"},"pht6dc73ede":{"name":"Nedestruktivní úpravy","categories":["aside"]},"pht3bfab2f96":{"name":"Mazání fotografií a videí"},"pht56eafa987":{"name":"Zobrazení fotografií"},"pht6c804da9":{"name":"Z jiných aplikací"},"pht13f0918f0":{"name":"Ořezávání a vyrovnávání fotografií"},"phte0af949f0":{"name":"Používání fotofiltrů"},"phtc9d389ecc":{"name":"Úprava fotografie"},"pht5c38b77c5":{"name":"Retušování fotografií"},"pht6e4207c4":{"name":"Mail"},"phtae8c6d40":{"name":"Vytváření prezentací"},"phtb94d9674":{"name":"Přidávání a odstraňování fotografií"},"phtb94d9019":{"name":"Změna informací o datu"},"phtb94da1cb":{"name":"Formátování textu kalendáře"},"phtc4361d5a":{"name":"Zprávy"},"pht6e15caf3":{"name":"Příprava projektu k tisku"},"pht6d60d10f":{"name":"Zálohování knihovny Fotky"},"pht6be18f93":{"name":"Oprava knihovny"},"pht10107cfa":{"name":"Titulní fotografie","categories":["aside"]},"phtc3c7b374":{"name":"SD karta","categories":["aside"]},"pht6e15dbdb":{"name":"Tisk vašich fotografií"},"pht6e593112":{"name":"Klávesové zkratky","searchName":"Klávesové zkratky v aplikaci Fotky"},"pht6d975c7d":{"name":"Zobrazení videa"},"pht98de9846":{"name":"Efekt Kena Burnse","categories":["aside"]},"pht6c803201":{"name":"Z fotoaparátu nebo mobilního zařízení"},"pht5188d4d20":{"name":"Symboly používané v klávesových zkratkách"},"phte3af82548":{"name":"Live Photo","categories":["aside"]},"phta48b41fd8":{"name":"Automatické vylepšování fotografií"},"pht93cb7bc67":{"name":"přitlačení","categories":["aside"]},"pht98de9f27":{"name":"Fotografie ve formátu RAW","categories":["aside"]},"pht1324a500e":{"name":"Jiné aplikace a webové stránky"},"phtdbd88e7a":{"name":"Fotoalba a dynamická alba","categories":["aside"]},"pht337d0a03":{"name":"Uspořádání fotografií"},"pht64de33e5a":{"name":"Hledání fotografií podle textu nebo data"},"phtad9d981ab":{"name":"Hledání fotografií konkrétních osob"},"phtdfcac5c5":{"name":"Správa odběratelů"},"phtc94a1416":{"name":"Další zdroje"},"pht7a4c765b":{"name":"Přehled"},"pht12e7a8015":{"name":"Kde jsou mé importované soubory?"},"phtda5be08b":{"name":"Klíčové slovo","categories":["aside"]},"pht1d4c62349":{"name":"AirDrop"},"phtab5e66ba":{"name":"Formátování textu přání"},"phtc3c7c06e":{"name":"Formáty souborů snímků","categories":["aside"]}},"copyright_text":"Copyright © 2016 Apple Inc. Všechna práva vyhrazena."}