{"css":"","framework":"duck-10.1.0","title":"Bantuan Foto","build_id":"579f9923680ce2bd2c41558b","quick_links":[],"icon":"..\/SharedGlobalArt\/AppIconDefault_Photos.png","sections":{"pht5302d0f6":{"name":"Bekerja dengan Foto","children":["pht5156cc968","pht6d60881e","pht8a576439"]},"pht3e99bb42d":{"name":"Gerakan dan pintasan papan ketik","children":["pht2951dfb9","pht6e593112","pht5188d4d20"]},"pht6d6040d1":{"name":"Melihat dan mengatur foto Anda","children":["pht56eafa987","pht40b0be510","phtb66b3c010","phta4e5a733f","apd679d1dae29e04","pht6d606e4c","pht6d975c7d","pht3bfab2f96"]},"apd679d1dae29e04":{"name":"Menemukan foto","children":["pht64de33e5a","pht8d0ad5198","phtad9d981ab","pht4c00b8ddc"]},"pht6c803a97":{"name":"Mengimpor foto dan video","children":["phta58cd90d3","apd170d821c07204","pht6c803201","phtae4e05c67","pht6c804da9","pht12e7a8015"]},"pht8a3f9b05d":{"name":"Menikmati memori","children":["pht4a5343882","pht96259d626","pht6ce918c46"]},"pht6d60881e":{"name":"Mengelola perpustakaan Foto Anda","children":["pht211de786","pht6d60b524","pht6d60d10f","pht6d60348f","pht6be18f93","pht1ed9b966d"]},"pht50acf4c2":{"name":"Berbagi Foto iCloud","children":["pht7a4c765b","pht013f36be9","phtf7fe6394","pht5f6df5f0","phtdfcac5c5","pht884a8908"]},"pht7c4f353b":{"name":"Membuat kartu","children":["pht6e157ba6","pht337d15be","pht6e15aa61","phtab5e66ba","phtab5e72eb"]},"phtaec3da2a9":{"name":"Membuat dan memesan cetakan","children":["phtae8c6530","pht6e15dbdb"]},"phtae8c6530":{"name":"Memesan cetakan foto dan proyek","children":["pht211dd6d0","pht6e15ea68","pht6e15caf3","pht6e15b35b"]},"pht6d606e4c":{"name":"Mengatur foto di album","children":["phtf677b8f5","pht6d60a1f1","pht6d60ca71","pht211de0d6"]},"apd170d821c07204":{"name":"Dari iCloud","children":["phtf5e48489c","phtc0bf4b9bb"]},"pht6dc708cc":{"name":"Tingkatkan foto Anda","children":["pht304c2ace6","phta48b41fd8","phtba22db5d6","pht13f0918f0","phte0af949f0","phtc497e8549","pht5c38b77c5","phte0ee9e101","phteb52f43ce","pht427071907"]},"pht6e41d50b":{"name":"Berbagi foto dan video","children":["pht50acf4c2","phtc4361d5a","pht6e4207c4","pht6e41eaff","pht1d4c62349","pht6d97570c","pht1324a500e","pht6e157c5f"]},"pht6e15d3aa":{"name":"Membuat proyek","children":["phtae8c6d40","phtae8c6467","phtb94da2f9","pht7c4f353b"]},"phtae8c6467":{"name":"Membuat buku","children":["pht6e159147","pht337d0a03","pht337d0fd8","pht6e15c151","phtab5e6905","pht245fde94","phtab5e682b"]},"phtb94da2f9":{"name":"Membuat kalender","children":["phtb94d7e13","phtb94d7d07","phtb94d9674","phtb94d9019","phtb94da1cb","phtb94d945b"]},"phtc497e8549":{"name":"Menyesuaikan tampilan foto","children":["phtc9d389ecc","phtfd442cdbb","pht335dba352"]}},"birdseed_version":5,"toc":["pht035bc2c35","pht6c803a97","pht6d6040d1","pht8a3f9b05d","pht6dc708cc","pht6e41d50b","pht6e15d3aa","phtaec3da2a9","pht5302d0f6","pht3e99bb42d"],"locale":"id","version":"1.2","source_schema":"apd-schema","enable_tracking":false,"platform":"mac","build_date":"2016.08.01-12:10:02","landing":"pht54710c4e","product":"photos","urls":{},"copyright":"","show_previous_next":false,"topics":{"phtb94d945b":{"name":"Menghapus kalender"},"pht6e157ba6":{"name":"Membuat kartu"},"pht40b0be510":{"name":"Memilih dan membatalkan pilihan foto"},"phta58cd90d3":{"name":"Tinjauan"},"phtb66b3c010":{"name":"Mengubah cara foto ditampilkan"},"pht245fde94":{"name":"Membuat peta di buku"},"pht6d60b524":{"name":"Menggunakan beberapa perpustakaan"},"pht5706dfc6":{"name":"iCloud","categories":["aside"]},"pht6d60ca71":{"name":"Membuat Album Cerdas"},"pht8a576439":{"name":"Mendapatkan pembaruan Foto"},"pht9bb241b3":{"name":"memilih foto","categories":["aside"]},"pht96259d626":{"name":"Melihat memori"},"pht5f6df5f0":{"name":"Mengubah album bersama"},"phtf677b8f5":{"name":"Apa itu album?"},"pht6e15aa61":{"name":"Menambah dan menghapus foto"},"pht304c2ace6":{"name":"Dasar-dasar pengeditan"},"pht211de0d6":{"name":"Membuat folder"},"pht427071907":{"name":"Mengedit menggunakan ekstensi"},"pht6d60348f":{"name":"Memulihkan dari Time Machine"},"phtf5e48489c":{"name":"Dari Perpustakaan Foto iCloud"},"phtc0bf4b9bb":{"name":"Dari Stream Foto Saya"},"phtfd442cdbb":{"name":"Membuat penyesuaian lanjutan"},"pht6e15b35b":{"name":"Memesan buku, kartu, atau kalender"},"phte0ee9e101":{"name":"Menghapus mata merah"},"pht6e15c151":{"name":"Bekerja dengan halaman"},"pht98de9564":{"name":"keluarkan","categories":["aside"]},"phtc3c7c148":{"name":"sebaran halaman","categories":["aside"]},"pht211de786":{"name":"Tinjauan"},"pht101081c3":{"name":"gambar mini","categories":["aside"]},"pht9b4411b24":{"name":"Pintasan papan ketik dan gerakan","href":"pht9b4411b24.html","searchName":"Pintasan papan ketik di Foto"},"pht10107b78":{"name":"rasio ukuran","categories":["aside"]},"phtab5e682b":{"name":"Menghapus buku"},"pht6d60a1f1":{"name":"Membuat album"},"pht884a8908":{"name":"Berlangganan album"},"phtab5e72eb":{"name":"Menghapus kartu"},"pht013f36be9":{"name":"Menyalakan atau mematikan Berbagi Foto iCloud"},"pht211dd6d0":{"name":"Tinjauan"},"phtb94d7d07":{"name":"Menyusun foto"},"pht6e159147":{"name":"Membuat buku foto"},"pht335dba352":{"name":"Menyesuaikan panel Penyesuaian"},"pht6ce918c46":{"name":"Membagikan memori"},"phtba22db5d6":{"name":"Memutar foto"},"pht6e41eaff":{"name":"Facebook, Flickr, dan Twitter"},"phtf7fe6394":{"name":"Membuat album bersama"},"pht035bc2c35":{"name":"Tinjauan Foto"},"pht4a5343882":{"name":"Membuat memori"},"pht337d15be":{"name":"Menyusun foto"},"pht8d0ad5198":{"name":"Menemukan foto menurut kata kunci"},"pht2951dfb9":{"name":"Gerakan trackpad"},"phtb711c0fd":{"name":"ID Apple","categories":["aside"]},"pht5156cc968":{"name":"Mengatur preferensi Foto","searchName":"Preferensi foto"},"phta4e5a733f":{"name":"Melihat dan menambahkan informasi foto"},"pht337d0fd8":{"name":"Menambah dan menghapus foto"},"pht54710c4e":{"name":"Bantuan Foto","href":"pht54710c4e.html","categories":["landing"]},"pht6e15ea68":{"name":"Memesan cetakan profesional"},"phtb94d7e13":{"name":"Membuat kalender"},"phtae4e05c67":{"name":"Dari media penyimpanan"},"phtab5e6905":{"name":"Memformat teks buku"},"phteb52f43ce":{"name":"Memperbanyak foto"},"pht6e157c5f":{"name":"Mengekspor foto, video, dan pertunjukan slide"},"pht1ed9b966d":{"name":"Mengubah lokasi penyimpanan file Foto"},"pht6d97570c":{"name":"iTunes"},"pht4c00b8ddc":{"name":"Menampilkan foto menurut lokasi"},"pht6dc73ede":{"name":"pengeditan nondestruktif","categories":["aside"]},"pht3bfab2f96":{"name":"Menghapus foto dan video"},"pht56eafa987":{"name":"Melihat foto"},"pht6c804da9":{"name":"Dari app lain"},"pht13f0918f0":{"name":"Memotong dan meluruskan foto"},"phte0af949f0":{"name":"Menerapkan filter ke foto"},"phtc9d389ecc":{"name":"Menyesuaikan foto"},"pht5c38b77c5":{"name":"Memperbaiki foto"},"pht6e4207c4":{"name":"Mail"},"phtae8c6d40":{"name":"Membuat pertunjukan slide"},"phtb94d9674":{"name":"Menambah atau menghapus foto"},"phtb94d9019":{"name":"Mengubah informasi tanggal"},"phtb94da1cb":{"name":"Memformat teks kalender"},"phtc4361d5a":{"name":"Pesan"},"pht6e15caf3":{"name":"Menyiapkan proyek untuk dicetak"},"pht6d60d10f":{"name":"Mencadangkan perpustakaan Foto Anda"},"pht6be18f93":{"name":"Memperbaiki perpustakaan Anda"},"pht10107cfa":{"name":"foto utama","categories":["aside"]},"phtc3c7b374":{"name":"kartu SD","categories":["aside"]},"pht6e15dbdb":{"name":"Mencetak foto Anda sendiri"},"pht6e593112":{"name":"Pintasan papan ketik","searchName":"Pintasan papan ketik di Foto"},"pht6d975c7d":{"name":"Melihat video"},"pht98de9846":{"name":"Efek Ken Burns","categories":["aside"]},"pht6c803201":{"name":"Dari kamera atau perangkat seluler"},"pht5188d4d20":{"name":"Simbol pintasan papan ketik"},"phte3af82548":{"name":"Live Photo","categories":["aside"]},"phta48b41fd8":{"name":"Meningkatkan foto secara otomatis"},"pht93cb7bc67":{"name":"tekan","categories":["aside"]},"pht98de9f27":{"name":"foto dengan format RAW","categories":["aside"]},"pht1324a500e":{"name":"App lain dan situs web"},"phtdbd88e7a":{"name":"album foto dan Album Cerdas","categories":["aside"]},"pht337d0a03":{"name":"Menyusun foto"},"pht64de33e5a":{"name":"Menemukan foto menurut teks atau tanggal"},"phtad9d981ab":{"name":"Menemukan foto orang"},"phtdfcac5c5":{"name":"Mengelola pelanggan"},"phtc94a1416":{"name":"Sumber daya lainnya"},"pht7a4c765b":{"name":"Tinjauan"},"pht12e7a8015":{"name":"Di mana file saya yang telah diimpor?"},"phtda5be08b":{"name":"kata kunci","categories":["aside"]},"pht1d4c62349":{"name":"AirDrop"},"phtab5e66ba":{"name":"Memformat teks kartu"},"phtc3c7c06e":{"name":"format file gambar","categories":["aside"]}},"copyright_text":"Hak Cipta © 2016 Apple Inc. Semua hak cipta dilindungi undang-undang."}